,sales,Up_Revision,T2_prime,T3_prime,S1_prime,S2_prime,Pre_IPO_Price_Revision,Post_IPO_Initial_Return
0,51.345,11.11111111111111,0.054249547920433995,0.9088764840003145,0.004874597059517258,0.009198836386508374,0.0,1.0
1,25.936,0.0,0.0513950073421439,0.898724302496329,0.0032580763582966228,0.011104992657856094,1.0,0.0
2,7.378,0.0,0.06176358798935766,0.9093500570125428,0.00943967928281317,0.006271379703534778,1.0,0.0
3,8.526,0.0,0.06162973725632643,0.9170601767768495,0.00943967928281317,0.00714372200024216,1.0,1.0
4,632.298,5.0,0.048550236008091704,0.8884693189480782,0.004517869184086311,0.0100472016183412,0.0,1.0
5,197.591,0.0,0.04528029334963053,0.8440030147214865,0.003444635813100728,0.00533362964609145,0.0,1.0
6,5.146,0.0,0.04429496128950374,0.8854550069805813,0.005203706054067775,0.006726741972331514,1.0,1.0
7,107.462,0.0,0.055852485301977554,0.8957776590058792,0.004899340815962943,0.010689470871191877,1.0,0.0
8,279.6,0.0,0.06190508337271316,0.9088638358198879,0.003915479646256667,0.0083710254506177,1.0,1.0
9,494.008,0.0,0.050251806437486314,0.8875629516093716,0.00886796584190935,0.009853295379899277,1.0,0.0
10,0.32,0.0,0.06651693158258466,0.8984105044920525,0.005010366275051832,0.007083621285418107,1.0,1.0
11,26.499,6.666666666666667,0.04518492672714585,0.8658408932309839,0.00366364270760642,0.007501744591765527,0.0,1.0
12,0.074,8.695652173913043,0.06873698163226662,0.9311683393296724,0.0076690020829388375,0.01117212649119485,0.0,1.0
13,166.896,0.0,0.048784414748027694,0.8839693017764182,0.005259485858423228,0.013739065099554554,1.0,1.0
14,510.192,0.0,0.03577334362253335,0.8699151140998788,0.0054018300077169,0.005071105721530151,1.0,1.0
15,571.192,0.0,0.05204460966542751,0.8808859975216853,0.0055762081784386614,0.005111524163568773,0.0,1.0
16,363.465,0.0,0.05325914149443561,0.8469351704645822,0.006359300476947536,0.011835364776541247,1.0,1.0
17,170.27,0.0,0.03869488014205386,0.9197247706422018,0.003995264871263687,0.005548978987866233,1.0,1.0
18,132.5,12.5,0.03671687778158165,0.8720472440944882,0.004450530640191715,0.0066757959602875725,0.0,1.0
19,107.462,0.0,0.05564814143902616,0.9057314687341497,0.0047822621549163105,0.009854358379827548,1.0,0.0
20,689.7230000000001,6.666666666666667,0.04715333566189312,0.867481662591687,0.003981837233670974,0.005099545930841775,0.0,1.0
21,64.606,0.0,0.04688689298218907,0.8964834830263358,0.004414674988582737,0.014157405997868777,0.0,1.0
22,0.176,0.0,0.058778509107607534,0.9148936170212766,0.008878003979794888,0.00596969233124139,1.0,1.0
23,3.88,0.0,0.05499360539472154,0.890942913614696,0.007324729682595047,0.005929543076386466,0.0,1.0
24,2.23,0.0,0.057854406130268196,0.8982120051085568,0.004597701149425287,0.010855683269476373,1.0,1.0
25,94.739,0.0,0.057410964977094726,0.9295108615339146,0.006723806709029112,0.0065021427515885915,1.0,1.0
26,345.322,5.263157894736842,0.05391176862588298,0.8440030147214865,0.0030654404904704785,0.012061841929894708,0.0,1.0
27,428.516,0.0,0.04858255788790305,0.892447522181346,0.006762605496645748,0.008872538411599221,1.0,1.0
28,18.643,0.0,0.051739813207703114,0.9123068022150591,0.008513100256219522,0.008430448797421275,1.0,1.0
29,257.056,0.0,0.05220314988497611,0.8951807939597711,0.004777915413201203,0.00513183507343833,1.0,0.0
30,59.039,8.333333333333332,0.04766877572332453,0.852816512070766,0.004361447263345414,0.006081454634805578,0.0,1.0
31,38.434,0.0,0.05367626502655857,0.8800670953312832,0.006569751188146492,0.006569751188146492,1.0,1.0
32,68.525,19.23076923076923,0.05592941528338567,0.9222371766113354,0.00493494840735756,0.01114101988933752,0.0,1.0
33,185.076,0.0,0.05553732567678425,0.9093519278096801,0.004593929450369155,0.00951599671862182,0.0,0.0
34,40.045,8.108108108108109,0.053774050320670945,0.8992599901332018,0.0046373951652688705,0.00680809077454366,0.0,1.0
35,36.12,19.23076923076923,0.05710211841390549,0.9110537751222162,0.004073872895165671,0.010116784356328082,0.0,1.0
36,52.897,2.857142857142857,0.047122471381527364,0.898463227222832,0.0050964403324447235,0.006664575819350792,0.0,1.0
37,519.966,16.666666666666664,0.04419746704574826,0.8873093822693202,0.004523132592401137,0.007753941586973378,0.0,1.0
38,32.068,3.125,0.05422955422955423,0.8725283725283726,0.004563004563004563,0.004914004914004914,0.0,1.0
39,689.7230000000001,19.23076923076923,0.052843888664784185,0.8778885495303406,0.004840661557079467,0.008298276954993373,0.0,1.0
40,46.672,0.0,0.0461324570273003,0.8830889787664308,0.0037917087967644083,0.008594539939332659,1.0,1.0
41,608.16,19.23076923076923,0.049263450042698546,0.9181255337318531,0.005924423569598634,0.01430401366353544,0.0,1.0
42,107.462,0.0,0.05622393326916907,0.902149502726981,0.006336220725056144,0.01122874558870709,1.0,1.0
43,69.833,0.0,0.04953631703242901,0.8440030147214865,0.0032256206439721215,0.008985657508208053,1.0,0.0
44,107.462,0.0,0.061957569913211184,0.8844021215043394,0.004459980713596914,0.009281581485053038,1.0,1.0
45,72.503,19.23076923076923,0.049487365786711875,0.9146686041818035,0.00403648986841043,0.006700573181561314,0.0,1.0
46,107.462,0.0,0.05749163221106517,0.92537901161646,0.0057097853908249655,0.011813349084465446,1.0,1.0
47,74.005,0.0,0.057173107464266806,0.8965943179812952,0.007789457762988732,0.015853571672162697,1.0,0.0
48,75.813,19.23076923076923,0.053901437371663245,0.8936516084873375,0.0034223134839151265,0.006416837782340862,0.0,1.0
49,19.157,0.0,0.06184012066365008,0.8953242835595777,0.007692307692307693,0.008144796380090498,1.0,1.0
50,8.822,0.0,0.0582018927444795,0.911198738170347,0.005362776025236593,0.006309148264984227,1.0,0.0
51,139.357,13.333333333333334,0.04011824324324324,0.8616976351351351,0.006228885135135135,0.006228885135135135,0.0,1.0
52,20.719,0.0,0.05476795506219072,0.9025678748161027,0.006620302260264812,0.006553430520262137,1.0,0.0
53,689.7230000000001,7.142857142857142,0.0652282082598272,0.8830687112679242,0.005790021260234315,0.014655991314968109,0.0,1.0
54,107.462,0.0,0.06543550966991421,0.903155445688527,0.005089428529882216,0.007416024429256944,1.0,0.0
55,689.7230000000001,3.614457831325301,0.03459190594619037,0.8891401009872636,0.007687090210264526,0.005652272213429799,0.0,0.0
56,1.9,0.0,0.0559748427672956,0.9088050314465409,0.00943967928281317,0.005974842767295598,1.0,0.0
57,167.884,5.88235294117647,0.04437970564867012,0.8440030147214865,0.00469146078468465,0.005939994703189437,0.0,1.0
58,689.7230000000001,0.0,0.055823127379478005,0.9225723590660979,0.006329984863079675,0.013714967203339297,1.0,0.0
59,32.978,4.545454545454546,0.05294379356369568,0.9082752484057541,0.004745662168174403,0.006228681595728904,0.0,1.0
60,389.962,0.0,0.05804971319311664,0.9129636711281071,0.0076481835564053535,0.01277246653919694,1.0,1.0
61,689.7230000000001,0.0,0.048891912908242616,0.8880248833592534,0.005589035769828927,0.007873250388802489,1.0,1.0
62,107.462,0.0,0.050827966881324745,0.9491068136313823,0.0020699172033118675,0.008509659613615455,1.0,0.0
63,259.295,19.23076923076923,0.061365373590674566,0.8766959678960443,0.006807758455952609,0.013734951270781578,0.0,1.0
64,311.502,19.23076923076923,0.05186308146493258,0.8937205776749382,0.006063991063592117,0.010133248224686827,0.0,1.0
65,92.478,0.0,0.053400406307439294,0.8914578697881397,0.0031924155944664796,0.005417432523943117,0.0,1.0
66,75.436,16.27906976744186,0.04993173395748001,0.8976009362200117,0.0031207333723425007,0.009882322345751251,0.0,1.0
67,176.624,18.181818181818183,0.050940364804838864,0.9006710140818448,0.00302428881958227,0.00954541158680654,0.0,1.0
68,311.709,0.0,0.0504453735684421,0.8945646246137066,0.006998727504090165,0.008998363933830213,1.0,1.0
69,213.672,17.647058823529413,0.039947466345627666,0.8959176972748166,0.00536281055050892,0.005691145890335997,0.0,1.0
70,60.169,0.0,0.05699262661670494,0.9132720899311012,0.0028405656956364076,0.007433820863048471,0.0,1.0
71,37.811,10.714285714285714,0.03733923385423869,0.8882588853547227,0.004148803761582077,0.006638086018531324,0.0,1.0
72,143.062,0.0,0.05273217899707668,0.9062289183719361,0.003710366539239937,0.012030582415111311,1.0,0.0
73,72.992,0.0,0.05198555956678701,0.8939530685920578,0.00351985559566787,0.0101985559566787,1.0,0.0
74,559.54,0.0,0.04493664146523267,0.898093919710361,0.006069641145777872,0.008518794590565435,0.0,0.0
75,689.7230000000001,10.0,0.04535452322738386,0.8451100244498777,0.003728606356968215,0.004706601466992665,0.0,1.0
76,22.65,0.0,0.05079294665631585,0.9212598425196851,0.0064322945547299545,0.011090163025396473,1.0,1.0
77,107.462,0.0,0.04359972908906197,0.9094988147646461,0.004232983406705046,0.0077886894683372844,1.0,0.0
78,107.462,0.0,0.0655388871156506,0.916374082349186,0.00744760080859666,0.007873177997659325,0.0,1.0
79,107.462,0.0,0.050206124852767965,0.9393404004711425,0.005153121319199058,0.007361601884570083,1.0,1.0
80,1.94,6.25,0.06063782003293906,0.8841143883814943,0.00943967928281317,0.01252682537305984,0.0,1.0
81,148.224,3.3333333333333335,0.04792583280955374,0.8838780641106222,0.004714016341923318,0.010370835952231301,0.0,1.0
82,689.7230000000001,0.0,0.05063385533184191,0.8530201342281879,0.00488441461595824,0.010328113348247576,1.0,1.0
83,24.568,3.0303030303030303,0.05585702915852688,0.9061572968670863,0.003907097894508357,0.0057159395123363,0.0,1.0
84,8.235,0.0,0.059260393538013934,0.9181532807595131,0.004211009876732256,0.009800168440395069,1.0,1.0
85,4.517,0.0,0.062170579779587926,0.9135122184954481,0.005749880210828941,0.010541447053186392,1.0,1.0
86,117.616,11.76470588235294,0.0400314657809632,0.8440030147214865,0.006030941351280483,0.008128660082160651,0.0,1.0
87,198.834,0.0,0.04488566858003199,0.8934788745647878,0.006963395125623412,0.009409993413004612,1.0,0.0
88,141.873,0.0,0.04953250222617987,0.8837377560106857,0.0036731967943009797,0.012466607301869992,1.0,1.0
89,218.29,0.0,0.05252011859381618,0.9118170266836086,0.002964845404489623,0.011181702668360865,1.0,1.0
90,21.873,13.333333333333334,0.04359925788497217,0.8835807050092764,0.005333951762523191,0.008928571428571428,0.0,1.0
91,95.623,0.0,0.05910790841922831,0.907963148773146,0.0032381647359299463,0.008255039678920004,1.0,0.0
92,0.367,0.0,0.06988113378907758,0.9317309634417289,0.00444354675823066,0.005857402544940416,0.0,0.0
93,14.798,5.555555555555555,0.04318604318604319,0.8677248677248677,0.007007007007007007,0.006721006721006721,0.0,1.0
94,64.482,19.23076923076923,0.04168620463284254,0.8440030147214865,0.006517865516271218,0.00515802307043046,0.0,1.0
95,96.107,13.333333333333334,0.05010376519418915,0.8483545804921435,0.003112955825674474,0.011414171360806405,0.0,0.0
96,12.231,9.090909090909092,0.0470362590190885,0.9222760069412732,0.002739976253539136,0.008402593844186684,0.0,1.0
97,689.7230000000001,0.0,0.056258576002439394,0.9048635462722976,0.006098490623570666,0.011129745388016466,1.0,0.0
98,689.7230000000001,19.23076923076923,0.06207004377736085,0.9102564102564102,0.006253908692933083,0.007608922243068585,0.0,1.0
99,107.462,0.0,0.057493188010899185,0.8967302452316076,0.0027247956403269754,0.005449591280653951,0.0,1.0
100,107.462,0.0,0.05424222797927461,0.9047927461139896,0.005505181347150259,0.008905440414507772,1.0,1.0
101,26.586,7.6923076923076925,0.06373445501097294,0.8966715435259692,0.003566203365032919,0.008412582297000731,0.0,1.0
102,22.488,0.0,0.05893488137304392,0.8975265017667845,0.007950530035335688,0.009843513377082282,0.0,0.0
103,232.947,8.333333333333332,0.047240994685388095,0.9179843842267568,0.004396037005445837,0.01102289875992389,0.0,1.0
104,107.462,0.0,0.03416979427256821,0.8840782875936809,0.005445624629320106,0.008626732086051652,0.0,0.0
105,38.563,0.0,0.04956468611577822,0.8440030147214865,0.00435313884221781,0.007560714831220406,1.0,1.0
106,293.605,0.0,0.06082373443277936,0.9053853019934544,0.005100522803587367,0.008585880052705403,1.0,0.0
107,113.311,0.0,0.048302800242064146,0.901358860097926,0.005391428728613082,0.015853571672162697,1.0,0.0
108,160.871,0.0,0.061326291079812204,0.8543622848200313,0.003129890453834116,0.008900625978090767,0.0,0.0
109,689.7230000000001,0.0,0.06988113378907758,0.90505079006772,0.00416196388261851,0.01163939051918736,1.0,1.0
110,348.869,5.555555555555555,0.06263858093126386,0.879249815225425,0.004249815225424981,0.008592017738359202,0.0,1.0
111,107.462,0.0,0.04756380510440835,0.9099961330239753,0.00705723124516628,0.009377416860015468,1.0,1.0
112,689.7230000000001,0.0,0.05913686639071724,0.9043224536879962,0.008990975096695393,0.015853571672162697,1.0,0.0
113,107.462,0.0,0.05087707942261635,0.890672535439187,0.005307786911774225,0.009450449867305328,1.0,1.0
114,371.445,7.142857142857142,0.04498567335243553,0.8619866284622731,0.00792741165234002,0.011556829035339064,0.0,1.0
115,6.616,0.0,0.05064141722663409,0.911484422724496,0.0064752596212583995,0.006414172266340868,1.0,1.0
116,689.7230000000001,0.0,0.0517750463503399,0.8976172491931608,0.009201400810272608,0.007484721554624734,0.0,0.0
117,506.305,12.5,0.05335228973361269,0.9063154744088596,0.006360371146363364,0.01556420233463035,0.0,1.0
118,8.678,6.666666666666667,0.06312900274473925,0.903476669716377,0.006404391582799634,0.00869167429094236,0.0,1.0
119,330.118,0.0,0.0518990073370738,0.8919939577039275,0.00927924039706517,0.008847647820457489,0.0,1.0
120,207.502,6.25,0.06197916666666667,0.8941840277777777,0.003125,0.009375,0.0,1.0
121,689.7230000000001,0.0,0.06988113378907758,0.9491068136313823,0.006348944591029024,0.015853571672162697,1.0,0.0
122,519.023,0.0,0.03933101835447523,0.8654241371979307,0.006165402877188009,0.005244135780596698,1.0,0.0
123,388.556,0.0,0.04560644780813839,0.8681934342441517,0.0057990957342244935,0.007863180656575585,1.0,1.0
124,100.181,4.166666666666666,0.05375661375661376,0.897636684303351,0.004514991181657848,0.01037037037037037,0.0,0.0
125,23.333,19.23076923076923,0.05209172833174591,0.9197010770019781,0.004176130119422668,0.01055022345959411,0.0,1.0
126,502.6,0.0,0.05147124188816784,0.8983020712952262,0.006311672148635435,0.009245266245888523,1.0,1.0
127,269.608,0.0,0.04934886908841672,0.8816997943797121,0.004295179346584419,0.01251999086132054,1.0,1.0
128,63.086,0.0,0.049747568033493415,0.91651274473587,0.004802364240857037,0.008250215490703115,1.0,1.0
129,107.462,0.0,0.06552706552706553,0.9025234025234026,0.007733007733007733,0.007529507529507529,1.0,1.0
130,32.179,9.090909090909092,0.05973615756224452,0.9156447417316983,0.005574136008918618,0.009011519881085098,0.0,1.0
131,14.344,6.666666666666667,0.05929003021148036,0.8890986908358509,0.00893756294058409,0.008559919436052367,0.0,1.0
132,33.873,12.5,0.0490211073722851,0.8841388803915571,0.002906087488528602,0.009024166411746712,0.0,1.0
133,378.525,7.6923076923076925,0.04926183737474184,0.8877839822534995,0.004054157423697698,0.011703511053315995,0.0,0.0
134,107.462,8.333333333333332,0.05685869769187465,0.9228748358040908,0.0046913116907487335,0.015853571672162697,0.0,1.0
135,107.462,0.0,0.06849680170575694,0.9168443496801706,0.003464818763326226,0.01199360341151386,1.0,1.0
136,320.732,5.88235294117647,0.048173636844891475,0.8939474148579495,0.003646844303276278,0.0075877889535909656,0.0,0.0
137,35.075,13.333333333333334,0.05339700455828088,0.8904927284566964,0.00379856739743868,0.005752116344692858,0.0,0.0
138,689.7230000000001,4.3478260869565215,0.05161567057477838,0.8834715470403203,0.004432370603374321,0.0087217615098656,0.0,1.0
139,2.056,0.0,0.04885381435550545,0.9015407741450583,0.002755856194413128,0.0080170362019291,1.0,1.0
140,164.044,0.0,0.05405600984152254,0.8918879803169549,0.0033287502713655113,0.011071712859107026,1.0,0.0
141,587.899,5.555555555555555,0.04837721984078383,0.8776280873647683,0.0076546233925290875,0.010614411104307001,0.0,0.0
142,32.82,0.0,0.04853703139286803,0.8894391953672661,0.0021334958854007926,0.015853571672162697,1.0,1.0
143,108.581,7.6923076923076925,0.050829767247677696,0.893852416240476,0.0062623943220958146,0.010019830915353304,0.0,0.0
144,16.87,0.0,0.05411531378382207,0.9310100580818813,0.003683241252302026,0.009774755631109222,1.0,0.0
145,0.493,0.0,0.050708553867167494,0.9148028000682944,0.004609868533378863,0.008878265323544477,1.0,0.0
146,50.556,16.666666666666664,0.05243234536082474,0.8726643041237113,0.006926546391752577,0.010228737113402062,0.0,0.0
147,18.324,7.142857142857142,0.04708118989040483,0.9089689107582196,0.006038917468127935,0.0074368150301945875,0.0,1.0
148,259.671,0.0,0.05330003188436603,0.9074290572855777,0.005951748326070783,0.00823679455840153,1.0,1.0
149,27.552,19.23076923076923,0.049853064651553314,0.9024979009235936,0.003988245172124265,0.0053526448362720405,0.0,1.0
150,76.588,0.0,0.04812474794999328,0.8440030147214865,0.00443608011829547,0.005108213469552359,0.0,0.0
151,157.198,7.6923076923076925,0.04540203327171904,0.9041127541589649,0.003927911275415897,0.006238447319778189,0.0,1.0
152,287.579,0.0,0.05154728789986092,0.879259388038943,0.00791029207232267,0.010083449235048678,1.0,1.0
153,689.7230000000001,0.0,0.045087992871463575,0.8757406994876364,0.006616172867008242,0.007551793272443752,0.0,1.0
154,198.29,0.0,0.051062243756988444,0.8777487886693999,0.0032799105478941485,0.008945210585165859,1.0,1.0
155,41.633,15.384615384615385,0.04802147544243388,0.8896400874925432,0.00457347385166037,0.005965400676078743,0.0,1.0
156,10.577,8.333333333333332,0.06211080951620629,0.9000479003672361,0.008622066102506785,0.007664058757783809,0.0,1.0
157,689.7230000000001,0.0,0.0464857067925518,0.9060451088381851,0.007277734067663257,0.015853571672162697,0.0,1.0
158,40.71,10.0,0.051667849538679915,0.8660752306600425,0.0039034776437189495,0.006671398154719659,0.0,1.0
159,1.572,0.0,0.05242265032107414,0.9258610624635143,0.005253940455341506,0.004553415061295972,1.0,1.0
160,689.7230000000001,0.0,0.05291607396870555,0.8820768136557611,0.005049786628733997,0.005405405405405406,1.0,0.0
161,105.311,0.0,0.04935934769947583,0.8961488060570763,0.004331683168316832,0.006479324403028538,1.0,0.0
162,46.434,19.23076923076923,0.05046683837733419,0.8955247907276239,0.0029781068898905344,0.007244043786220219,0.0,1.0
163,243.446,0.0,0.04343779087806392,0.8954390319578033,0.0069293618781673385,0.007136208501396215,0.0,1.0
164,304.558,0.0,0.05192441054091539,0.8651178918169209,0.0054611650485436895,0.009968793342579751,0.0,0.0
165,256.445,0.0,0.0543515316807091,0.8814591145960162,0.0023864023766619587,0.003555252520333122,1.0,1.0
166,689.7230000000001,0.0,0.06058363779309069,0.9065809554640891,0.008971928039587476,0.01072931600610461,1.0,1.0
167,83.658,8.333333333333332,0.05866743582347851,0.8961061436400346,0.0043841938275165845,0.011248918373233344,0.0,1.0
168,33.047,19.23076923076923,0.062033663022731216,0.9108103418358494,0.003990976921742148,0.008068714211348256,0.0,1.0
169,689.7230000000001,6.666666666666667,0.04932392210221958,0.886554979164895,0.003911897270176035,0.004932392210221958,0.0,1.0
170,289.041,5.88235294117647,0.059654631083202514,0.9316457352171638,0.004513343799058085,0.007980115122972265,0.0,1.0
171,111.643,0.0,0.04927549912682305,0.8673715013923632,0.002123943927880304,0.009062160758955964,0.0,1.0
172,32.539,0.0,0.048027324689809005,0.84929597100237,0.004182350480970306,0.006691760769552488,0.0,0.0
173,107.462,13.333333333333334,0.05294039793532448,0.9050602197026514,0.004191114836546521,0.007279304716107116,0.0,1.0
174,0.099,0.0,0.04855313285239524,0.8793872092080732,0.004133906136013618,0.01037529383156359,1.0,0.0
175,359.683,13.333333333333334,0.047876447876447875,0.8653281853281853,0.003861003861003861,0.006177606177606178,0.0,1.0
176,577.135,11.76470588235294,0.04867678322703614,0.8980280038120373,0.006964298805072942,0.015853571672162697,0.0,1.0
177,689.7230000000001,0.0,0.04646191431812233,0.9100863798970421,0.00943967928281317,0.012651601081930024,1.0,0.0
178,689.7230000000001,0.0,0.044654939106901215,0.8615890199110767,0.0036729170693988013,0.005316064179393002,1.0,0.0
179,689.7230000000001,5.0,0.04459551325628824,0.8535690006798097,0.006050305914343984,0.008089734874235215,0.0,1.0
180,107.462,0.0,0.0607890499194847,0.9178743961352657,0.004589371980676328,0.00821256038647343,1.0,1.0
181,418.983,0.0,0.04664287492737987,0.8950950286330815,0.006888538467922649,0.014358038011453233,1.0,0.0
182,689.7230000000001,18.75,0.04618398252090711,0.894296692533715,0.004821818729752129,0.006630000753409177,0.0,0.0
183,41.056,13.333333333333334,0.05088228184674885,0.9048827652888567,0.005922165820642978,0.011481750060430264,0.0,1.0
184,0.826,0.0,0.06988113378907758,0.8880181480717674,0.00943967928281317,0.009074035883687359,1.0,1.0
185,114.299,0.0,0.05065856129685917,0.9105032083755488,0.004660587639311043,0.006281661600810537,1.0,0.0
186,224.299,0.0,0.05096011816838995,0.8890940423436731,0.007385524372230428,0.009354997538158542,1.0,0.0
187,300.986,16.666666666666664,0.05251324875541995,0.9400995664043681,0.004576842781435683,0.0050586157057973345,0.0,1.0
188,56.547,18.51851851851852,0.05452421134622874,0.9129559911722706,0.0049331429313254575,0.006231338439568999,0.0,1.0
189,81.138,9.090909090909092,0.04388185654008439,0.8911392405063291,0.003978300180831827,0.00590717299578059,0.0,1.0
190,107.462,0.0,0.05884049610614364,0.9301990193250649,0.004038073262186328,0.008653014133256417,1.0,0.0
191,89.628,0.0,0.04552429667519182,0.8932806324110671,0.006975122064636131,0.0106951871657754,1.0,0.0
192,130.688,0.0,0.05866595231717118,0.915148673988749,0.0071658183766407715,0.005089740155371015,1.0,0.0
193,202.808,0.0,0.0524257899776572,0.8616342164060007,0.0033514203638684965,0.003830194701563996,0.0,1.0
194,13.737,0.0,0.054949190816710576,0.9270794128716597,0.005551373729770418,0.008656379375235227,1.0,1.0
195,689.7230000000001,0.0,0.06988113378907758,0.9491068136313823,0.008575197889182058,0.015853571672162697,1.0,0.0
196,689.7230000000001,0.0,0.05072414496498266,0.916910314816074,0.00625552458013191,0.011015162847623581,1.0,1.0
197,242.327,0.0,0.05455870297841334,0.9244011294289097,0.006375808361417251,0.007286638127334002,1.0,1.0
198,63.477,3.3333333333333335,0.04806242795069611,0.8440030147214865,0.006118648576749135,0.006473352842067926,0.0,0.0
199,71.348,9.523809523809524,0.05106445599921515,0.8440030147214865,0.004954380457176493,0.005935445894241146,0.0,1.0
200,689.7230000000001,6.896551724137931,0.05263157894736842,0.8440030147214865,0.005482456140350877,0.00652123730378578,0.0,1.0
201,45.802,0.0,0.05153818953323904,0.9072666195190948,0.004066478076379066,0.007867751060820367,1.0,1.0
202,149.523,0.0,0.05724896643542849,0.8571228365216172,0.004134258286034615,0.008058300049050521,1.0,1.0
203,358.574,0.0,0.04506193885668826,0.895442663939084,0.00431867257642914,0.00823957267871349,1.0,0.0
204,41.706,0.0,0.04709860515669344,0.9144979167924642,0.00943967928281317,0.005253305959785037,1.0,1.0
205,41.471,0.0,0.05455274769354192,0.9026073004412355,0.0032892097874047334,0.009546730846369835,1.0,1.0
206,77.924,0.0,0.054026152787336544,0.9096696490020647,0.004559532002752925,0.008516861665519614,1.0,1.0
207,334.528,0.0,0.05457290767903365,0.8440030147214865,0.007190106413574921,0.007765314926660914,1.0,1.0
208,103.988,14.285714285714285,0.050867323019221755,0.9097515236755743,0.004453820909517112,0.007735583684950774,0.0,1.0
209,35.414,6.25,0.05215379138483446,0.88875044499822,0.003381986472054112,0.005873976504093984,0.0,1.0
210,107.462,0.0,0.05245712638708748,0.90330018734688,0.0027381467070183023,0.010376134889753566,1.0,1.0
211,86.334,0.0,0.058430490216131455,0.8935024203995364,0.005658962296311448,0.012476989159337287,1.0,1.0
212,37.907,0.0,0.05297200847552136,0.9237203077952493,0.007193041150886584,0.008419761347161816,1.0,0.0
213,49.634,0.0,0.05921787709497207,0.888193668528864,0.0046927374301675975,0.010502793296089385,1.0,1.0
214,73.954,19.23076923076923,0.05323920876535039,0.8876387969703655,0.0050739024928303554,0.008235899698507243,0.0,1.0
215,689.7230000000001,0.0,0.047500397603774586,0.8696389757726767,0.005725494354026401,0.009542490590044002,1.0,0.0
216,41.419,10.526315789473683,0.0619935170178282,0.9080226904376013,0.009319286871961102,0.006888168557536467,0.0,1.0
217,78.706,6.25,0.05164056674123788,0.8939224459358688,0.005219985085756898,0.007736763609246831,0.0,1.0
218,48.672,0.0,0.042266551026308184,0.8440030147214865,0.0026019080659150044,0.009193408499566348,1.0,0.0
219,689.7230000000001,5.555555555555555,0.049132947976878616,0.9252093901144273,0.0065471275215288425,0.006193228736581338,0.0,1.0
220,689.7230000000001,19.23076923076923,0.05603898364079359,0.9053254437869822,0.006891750783153498,0.013087365123564218,0.0,0.0
221,345.997,0.0,0.05478406108327368,0.8874254354569315,0.005869720830350752,0.01092817943211644,1.0,0.0
222,36.216,11.76470588235294,0.04441858873451509,0.8492231880090343,0.004174936691533776,0.0075285743617822184,0.0,1.0
223,44.926,15.384615384615385,0.05192909280500521,0.9066388599235314,0.004657629475147723,0.010358011817865833,0.0,1.0
224,197.189,6.25,0.041761878496572376,0.9043416594437003,0.005358127807107399,0.006067291781577496,0.0,1.0
225,354.073,0.0,0.05434840924942325,0.8785879070765599,0.004023821020441011,0.008262245828638876,1.0,1.0
226,92.317,6.25,0.054114003515526914,0.8818950364108145,0.006235875115091655,0.009123629363020006,0.0,1.0
227,441.099,0.0,0.04719201170260128,0.8837372002798448,0.004642879857533549,0.009222158621128284,1.0,1.0
228,14.685,0.0,0.04708577246118605,0.8440030147214865,0.006235683379994909,0.009162636803257827,1.0,1.0
229,107.462,0.0,0.055074183976261126,0.9141839762611276,0.005934718100890208,0.009376854599406528,0.0,0.0
230,2.585,7.6923076923076925,0.05700356272267017,0.9017438589911869,0.00562535158447403,0.008250515657228577,0.0,1.0
231,79.367,13.333333333333334,0.04435405771838079,0.8535250823164827,0.004503195816385822,0.007214797598295564,0.0,1.0
232,262.843,0.0,0.05638297872340425,0.8743794326241134,0.004609929078014184,0.010372340425531914,1.0,0.0
233,689.7230000000001,0.0,0.05932674920016692,0.9201557935735151,0.006537766031436918,0.01394491584365002,1.0,1.0
234,48.063,11.11111111111111,0.04660966631041444,0.8950837192732455,0.005759410996318727,0.011103194394964969,0.0,1.0
235,58.015,0.0,0.055049801863553606,0.9118560565492128,0.004605333618935418,0.007497054728499518,1.0,0.0
236,397.06,0.0,0.0414004914004914,0.8551597051597052,0.0029484029484029483,0.004484029484029484,0.0,1.0
237,211.791,19.23076923076923,0.04940233977619532,0.9072990844354019,0.005722278738555442,0.008329094608341811,0.0,0.0
238,92.409,12.5,0.04183595036784891,0.8897551334138575,0.006258921708575821,0.009004062808828374,0.0,1.0
239,617.977,0.0,0.04770967318545741,0.9053025331408321,0.006037537734610842,0.007415671347945925,1.0,1.0
240,107.462,0.0,0.035192884076186794,0.8972251764478392,0.0047375036256405295,0.005607657352798994,1.0,0.0
241,16.396,7.142857142857142,0.05380513814832768,0.8923897237033447,0.005392632089190499,0.008482792050412021,0.0,1.0
242,689.7230000000001,5.88235294117647,0.06038487060384871,0.9039150630391506,0.0057067020570670205,0.011147976111479762,0.0,1.0
243,312.796,0.0,0.05457122608079376,0.8994409008583353,0.006614694070399244,0.00881959209386566,1.0,0.0
244,99.63,16.666666666666664,0.04145620890117221,0.9078433241208425,0.00943967928281317,0.007242923853997904,0.0,1.0
245,0.327,0.0,0.04558706599522926,0.8951762523191095,0.0063609859528226875,0.00596342433077127,1.0,0.0
246,689.7230000000001,0.0,0.0498793242156074,0.8876374363100027,0.008313220702601234,0.014481094127111826,1.0,1.0
247,66.471,0.0,0.052934621099554234,0.9118375433382863,0.003652798415056959,0.005386329866270431,1.0,0.0
248,46.166,4.545454545454546,0.04828895215765087,0.8604365544576564,0.004354379500921119,0.009434488918662423,0.0,1.0
249,438.135,0.0,0.0460710944808232,0.8440030147214865,0.006158403492360461,0.006937948238228874,1.0,1.0
250,331.478,0.0,0.05375053579082726,0.9055293613373339,0.005829404200600086,0.01191598799828547,1.0,1.0
251,41.98,0.0,0.0567681822103356,0.9132947976878613,0.005952894487102062,0.013372444137693038,1.0,0.0
252,357.441,6.666666666666667,0.04537052596202319,0.9020332717190388,0.00943967928281317,0.008738027222315578,0.0,1.0
253,0.999,0.0,0.05245460659045057,0.8915938130464022,0.007531943510423672,0.01304640215198386,1.0,0.0
254,0.623,0.0,0.05461665292662819,0.9128194558944766,0.004122011541632316,0.00989282769991756,1.0,0.0
255,588.248,0.0,0.04652628924473585,0.8887908208296558,0.005610893960408523,0.012041356701550876,1.0,0.0
256,323.794,0.0,0.03889830508474576,0.8933050847457628,0.005508474576271186,0.009915254237288135,1.0,0.0
257,689.7230000000001,0.0,0.050033454761727755,0.9027581592446658,0.005129730131588729,0.006467920600698833,1.0,0.0
258,689.7230000000001,17.647058823529413,0.05713930811750823,0.9154710887522514,0.00689398174026458,0.007328737345506491,0.0,1.0
259,127.147,0.0,0.05270389096504726,0.8937129039349307,0.004671356342053199,0.012530226423389756,0.0,0.0
260,107.462,0.0,0.055347871235721706,0.8872274143302181,0.006905503634475597,0.010643821391484943,1.0,1.0
261,189.426,0.0,0.041688244432936304,0.8981529432073192,0.005006041774555498,0.006732263076126359,1.0,1.0
262,107.462,0.0,0.0630744278248333,0.9012434672914038,0.004865741575058569,0.010632546404757614,1.0,1.0
263,107.462,3.571428571428571,0.06813839949055402,0.9102101464657185,0.006155805561451921,0.010613457864572278,0.0,0.0
264,39.505,0.0,0.05768123097177651,0.9035629062782852,0.0036205052250473132,0.014564305109849419,1.0,1.0
265,89.839,0.0,0.05959855892949048,0.9180648481729284,0.00943967928281317,0.00761708697889861,1.0,1.0
266,24.018,13.333333333333334,0.055751971716072886,0.913879068080863,0.005711177590426979,0.011331701568307498,0.0,1.0
267,689.7230000000001,5.263157894736842,0.04604869713797522,0.8772319521571977,0.0046134130713370355,0.015853571672162697,0.0,1.0
268,89.734,0.0,0.04288334038651432,0.875440823811539,0.004231908590774439,0.00860488080124136,0.0,1.0
269,600.21,12.5,0.046583850931677016,0.8992576882290562,0.005453719133464627,0.011589153158612331,0.0,1.0
270,3.25,0.0,0.04933179343342683,0.8769180003299786,0.0028048176868503546,0.008249463784853984,1.0,1.0
271,107.462,5.263157894736842,0.048170634286627254,0.8952708100335517,0.0039143633168237735,0.00822815146189487,0.0,0.0
272,689.7230000000001,0.0,0.06573725450290017,0.9221532512465656,0.006410908720871069,0.007835555103286863,1.0,1.0
273,58.097,0.0,0.04610951008645533,0.8979003705228489,0.006484149855907781,0.007307533964594483,1.0,0.0
274,61.671,13.333333333333334,0.0550098231827112,0.9098450120061122,0.005893909626719057,0.007421960270683257,0.0,1.0
275,43.95,19.23076923076923,0.04891846921797005,0.8784248474764281,0.005324459234608985,0.007875762617859123,0.0,1.0
276,107.462,0.0,0.05826645264847512,0.909951845906902,0.0040128410914927765,0.013804173354735152,0.0,1.0
277,121.703,0.0,0.048348139353993534,0.8908994145822245,0.004298522127154378,0.008678920866254554,1.0,0.0
278,107.462,0.0,0.05042192621521724,0.8876490689727317,0.003417253643908222,0.006834507287816444,1.0,1.0
279,602.749,19.23076923076923,0.04237732878509577,0.84472579375492,0.003279979008134348,0.009643138283914983,0.0,1.0
280,689.7230000000001,0.0,0.04986750180679354,0.873685055809845,0.004256002569661929,0.0065847586926844935,1.0,1.0
281,689.7230000000001,14.705882352941178,0.050921930168693605,0.8508434680266771,0.0043938799529227145,0.010513927030207924,0.0,1.0
282,689.7230000000001,0.0,0.05276885100833683,0.8921335755204695,0.004191700433142378,0.00964091099622747,1.0,1.0
283,689.7230000000001,4.545454545454546,0.05834794118699245,0.8729653346689086,0.0067613494079347474,0.015853571672162697,0.0,1.0
284,110.294,0.0,0.05284343069460213,0.8742904324491692,0.0030962947672618433,0.004954071627618949,0.0,1.0
285,640.138,0.0,0.05515257628814407,0.8934467233616809,0.0050025012506253125,0.008254127063531767,1.0,1.0
286,177.218,0.0,0.051885941165854536,0.9096733441617036,0.00568489442338928,0.006587258617578054,1.0,1.0
287,1.805,7.142857142857142,0.06140350877192982,0.933779119930975,0.007981018119068163,0.007765314926660914,0.0,1.0
288,90.16,0.0,0.061839956450734895,0.8826347305389222,0.003864997278170931,0.0110506260206859,1.0,0.0
289,65.093,0.0,0.03416979427256821,0.8474770642201835,0.005925076452599388,0.007262996941896025,0.0,0.0
290,66.676,9.090909090909092,0.05563030006523157,0.895955642530985,0.005789302022178734,0.015853571672162697,0.0,1.0
291,140.699,0.0,0.05541416011105969,0.9090313126638901,0.007018355699521826,0.008637976245565325,1.0,0.0
292,25.429,8.333333333333332,0.04583666933546837,0.9031224979983987,0.0040032025620496394,0.008807045636509208,0.0,1.0
293,42.674,0.0,0.046273546273546275,0.8950313950313951,0.004982254982254982,0.008394758394758395,1.0,0.0
294,2.974,0.0,0.052968568102444706,0.9052386495925495,0.005355064027939465,0.00710128055878929,1.0,1.0
295,8.784,0.0,0.05580812039504625,0.8872864085279825,0.0034488164289073523,0.0065841040915503996,1.0,0.0
296,84.804,0.0,0.055612244897959184,0.9172448979591836,0.006326530612244898,0.008061224489795918,1.0,0.0
297,1.096,0.0,0.05807650611739198,0.9109493572866656,0.006194827319188478,0.008982499612823292,1.0,1.0
298,136.136,18.75,0.047407019381875325,0.8816788894709272,0.0037977998952331065,0.0072682032477737035,0.0,1.0
299,79.556,0.0,0.058974558468839956,0.9061697658134288,0.006146424959153505,0.006224227806737727,1.0,1.0
300,76.87,5.88235294117647,0.04272678475577026,0.8453032742887815,0.003972088030059044,0.003757380568974772,0.0,1.0
301,107.462,0.0,0.05742280961604193,0.9099920246097756,0.007861456078386692,0.007861456078386692,1.0,0.0
302,92.83,19.23076923076923,0.045177736864466786,0.8831610253505169,0.002974082991077751,0.007789264976632205,0.0,1.0
303,190.002,0.0,0.05368289637952559,0.8945548833189283,0.00355325074426198,0.011524056467876692,0.0,1.0
304,6.154,0.0,0.04922279792746114,0.9066179934055582,0.005534620819594913,0.006241168158266604,1.0,0.0
305,96.385,13.793103448275861,0.046800136892539354,0.9066563997262149,0.005903490759753593,0.009240246406570842,0.0,1.0
306,58.852,9.090909090909092,0.05559040301082013,0.932570174063039,0.006821389368041399,0.011604202603104909,0.0,1.0
307,535.328,0.0,0.048863460646358436,0.8916808411937529,0.009200556672336477,0.01399412401422607,1.0,1.0
308,213.459,14.285714285714285,0.051767465237058136,0.9044228513988943,0.005361031998659742,0.011140894622214776,0.0,1.0
309,115.813,6.666666666666667,0.05685422295313051,0.8784212381064255,0.003993891695054623,0.008927522612475038,0.0,1.0
310,36.102,0.0,0.05908138911889338,0.9071647752179631,0.00943967928281317,0.007111197701037455,1.0,1.0
311,21.083,13.043478260869565,0.044753086419753084,0.859006734006734,0.0031565656565656565,0.005611672278338945,0.0,1.0
312,126.449,15.0,0.0580754245387047,0.8885539954421818,0.002352422259795633,0.006542674410056605,0.0,0.0
313,33.718,0.0,0.057068482178614335,0.9010812975570685,0.0045054064877853425,0.008109731678013616,1.0,1.0
314,45.494,16.666666666666664,0.045482645941888195,0.9006447054667491,0.0024728428861609114,0.011127792987724101,0.0,1.0
315,205.509,0.0,0.04598329299711141,0.8880474666250293,0.004528066203450699,0.009368412834725583,0.0,1.0
316,689.7230000000001,0.0,0.043640403078632074,0.8808220265016266,0.006903118305165437,0.00983892723954614,1.0,0.0
317,689.7230000000001,0.0,0.054368712557929244,0.9118345201763309,0.006329829320673675,0.015853571672162697,1.0,1.0
318,107.153,0.0,0.04751131221719457,0.8749564914723286,0.0060911938739993034,0.010355029585798817,1.0,1.0
319,689.7230000000001,7.142857142857142,0.045118467484456394,0.8732986052764241,0.005713325491514031,0.010166358595194085,0.0,1.0
320,39.037,0.0,0.05555555555555555,0.9224216059452601,0.004531448250860975,0.0074315751314119995,1.0,1.0
321,107.462,0.0,0.061542034370645614,0.923053104195696,0.005341384115188109,0.006967022758941012,1.0,0.0
322,0.223,19.23076923076923,0.055722568176937944,0.9283873738458235,0.00590508911316298,0.01277646553575263,0.0,0.0
323,141.866,0.0,0.04986149584487535,0.8717105263157895,0.004414819944598338,0.006578947368421052,1.0,1.0
324,1.933,0.0,0.061011040092969204,0.916134030602363,0.0036800309897346505,0.0065853186132093745,1.0,1.0
325,46.301,0.0,0.05686462046778541,0.8932266759412225,0.0045213459699156595,0.00852099817407182,1.0,1.0
326,25.05,4.761904761904762,0.05432158377595365,0.9100676001931434,0.006760019314340898,0.008087880251086432,0.0,1.0
327,508.099,11.11111111111111,0.03497751445499322,0.8440030147214865,0.004782639731601114,0.00656720679563138,0.0,1.0
328,689.7230000000001,0.0,0.047033759423139955,0.8896263520157326,0.00943967928281317,0.012700753851196329,1.0,1.0
329,84.456,7.6923076923076925,0.051320009869232665,0.8941524796447077,0.005057981741919566,0.006291635825314582,0.0,0.0
330,19.099,0.0,0.06988113378907758,0.8985321528424977,0.004659832246039142,0.007455731593662628,1.0,1.0
331,122.98,7.6923076923076925,0.04998811692941456,0.8804563099104808,0.003089598352214212,0.008001267527529114,0.0,1.0
332,59.021,4.761904761904762,0.04573506722503857,0.8695173021820586,0.002975534494159136,0.0057306590257879654,0.0,1.0
333,19.765,0.0,0.06335668595796527,0.8871966697126612,0.006193522184993401,0.008731850949334957,1.0,1.0
334,261.275,0.0,0.05647695530726257,0.8871333798882681,0.004800977653631285,0.006546787709497207,0.0,1.0
335,64.343,15.384615384615385,0.04444598530023575,0.8536264041048398,0.00422964914713632,0.010054084038274859,0.0,1.0
336,30.727,0.0,0.04838990426457789,0.9084421235857267,0.0053089643167972145,0.013141862489120975,1.0,0.0
337,243.099,3.4482758620689653,0.057768083309878974,0.9157754010695187,0.008373205741626795,0.0053475935828877,0.0,1.0
338,193.949,0.0,0.04112188080016498,0.8440030147214865,0.004578263559496804,0.008785316560115488,1.0,0.0
339,51.723,6.666666666666667,0.04502784407319013,0.8665075576770087,0.0037125430920180325,0.005727923627684964,0.0,1.0
340,242.004,0.0,0.04658122071029304,0.8901812432951273,0.006323753599457964,0.011631189656145898,1.0,1.0
341,146.047,0.0,0.052242054854157595,0.9270352633870266,0.004527644754026992,0.012015672616456247,1.0,0.0
342,89.415,0.0,0.05635134152548535,0.8870064713153494,0.0034174361957391114,0.003853704646258998,0.0,1.0
343,256.942,2.7777777777777777,0.04514279864878698,0.8879107380489303,0.002968574060804586,0.004606408025386427,0.0,1.0
344,84.129,12.5,0.040693439518282915,0.8536395862671782,0.004661778274170835,0.007381148934103822,0.0,0.0
345,16.454,0.0,0.050496773532725595,0.9192871043736557,0.006555362081327461,0.005428659223599304,1.0,0.0
346,689.7230000000001,16.0,0.04403695214280753,0.886643050635549,0.004445370563311801,0.007779398485795652,0.0,1.0
347,689.7230000000001,0.0,0.06655405405405405,0.9141891891891892,0.006587837837837838,0.00920608108108108,1.0,0.0
348,34.215,0.0,0.06618575293056808,0.9177637511271416,0.008295761947700632,0.007694619777577397,1.0,0.0
349,0.771,0.0,0.05358920974020096,0.8939078482846021,0.004707160315017652,0.009052231375033946,1.0,0.0
350,514.96,0.0,0.05007766387076732,0.8913948431189811,0.007455731593662628,0.006150978564771668,1.0,0.0
351,107.462,0.0,0.0574215855766856,0.9003457643862682,0.005680414917263522,0.0071622622869844405,1.0,1.0
352,224.338,0.0,0.0472311588746663,0.8932165103703197,0.004107057293449244,0.012526524745020194,0.0,1.0
353,130.0,0.0,0.050052872752908,0.8961931617906239,0.004758547761720127,0.01163200563976031,1.0,0.0
354,2.781,7.6923076923076925,0.06937966417910447,0.9114972014925373,0.008861940298507462,0.010727611940298507,0.0,1.0
355,9.124,0.0,0.05807120636017975,0.8866228828206014,0.008814379536812997,0.005876253024541998,1.0,0.0
356,7.093,0.0,0.06028092079594226,0.9342567303940694,0.0055598907530238,0.010632071790870074,1.0,0.0
357,144.235,6.666666666666667,0.05675033025099075,0.8880845442536328,0.0043857331571994715,0.009564068692206077,0.0,1.0
358,65.075,0.0,0.04592457420924574,0.9032846715328468,0.00836374695863747,0.007147201946472019,1.0,0.0
359,140.4,16.666666666666664,0.06109344803939904,0.899258150988093,0.0046755189826070695,0.01009912100243127,0.0,0.0
360,38.596,0.0,0.05841790268019776,0.9029404111371324,0.004206782895307485,0.01249024199843872,1.0,0.0
361,417.326,0.0,0.06212149018168471,0.8909891723251973,0.006056157093044595,0.01202055423013397,1.0,1.0
362,107.462,0.0,0.05987572961777443,0.9258143475804933,0.004518922990020712,0.008849557522123894,1.0,1.0
363,13.118,0.0,0.049071093794115984,0.8482127731661867,0.004856287763284206,0.005985657010559603,1.0,1.0
364,24.012,0.0,0.053296768808870874,0.9091451055204484,0.005484678669369262,0.015023250268272326,1.0,1.0
365,129.415,0.0,0.0465553235908142,0.9129436325678497,0.005741127348643006,0.009603340292275574,1.0,1.0
366,152.268,0.0,0.05489937314417684,0.8942923127680633,0.005872649290663148,0.010095677994061365,1.0,1.0
367,278.593,0.0,0.04321080270067517,0.8844711177794449,0.006826706676669167,0.0086271567891973,0.0,0.0
368,0.325,0.0,0.05138172308997102,0.9059297476853488,0.0071383136617428795,0.005654109831083469,1.0,1.0
369,689.7230000000001,6.666666666666667,0.04942339373970346,0.8986335885260199,0.008237232289950576,0.010756856284523695,0.0,1.0
370,94.071,19.23076923076923,0.05593048759912266,0.9205331533659524,0.004471064619537709,0.007508014172431247,0.0,1.0
371,48.539,13.333333333333334,0.06871743984123047,0.8845199702307119,0.0038451997023071197,0.010915405606549243,0.0,1.0
372,103.678,19.23076923076923,0.05095620756244939,0.9191428393446708,0.004360555659378309,0.006727714445897963,0.0,1.0
373,107.462,0.0,0.06433368681512902,0.9036762106751502,0.00335807705903146,0.010781194768469424,0.0,1.0
374,7.832,0.0,0.06328140026928256,0.9128678592036931,0.00943967928281317,0.0051933064050779,1.0,1.0
375,644.161,2.941176470588235,0.044262853251617294,0.8791283622744297,0.005107252298263534,0.004766768811712632,0.0,0.0
376,113.695,0.0,0.0614953852535518,0.8659649486674271,0.004822150782951363,0.015347920771544125,1.0,1.0
377,97.969,0.0,0.060700389105058365,0.8900389105058366,0.003035019455252918,0.010428015564202335,1.0,1.0
378,209.433,0.0,0.049784625579854205,0.9118621603711067,0.0044731610337972166,0.011100066269052352,1.0,1.0
379,24.204,6.25,0.047045066114959073,0.9071692003238284,0.003867949986507151,0.015853571672162697,0.0,1.0
380,689.7230000000001,0.0,0.04827910869337797,0.8585626111517941,0.005387592844439795,0.015853571672162697,1.0,1.0
381,59.558,16.666666666666664,0.058447610171748106,0.9181866595659699,0.005125815470643057,0.007256024497403808,0.0,1.0
382,300.69,13.333333333333334,0.0445046439628483,0.8887383900928792,0.00380546955624355,0.00980392156862745,0.0,1.0
383,79.244,0.0,0.05235212385867408,0.9030369194124652,0.0055577610162763,0.01002381897578404,1.0,0.0
384,310.295,5.555555555555555,0.05075006048874909,0.8440030147214865,0.006169852407452214,0.009073312363900314,0.0,1.0
385,689.7230000000001,10.526315789473683,0.04289633942314127,0.87164558656227,0.004349862812019005,0.010975038479555645,0.0,0.0
386,51.35,16.666666666666664,0.06320858834152704,0.9425102839369921,0.006120196648941507,0.008929467241898264,0.0,1.0
387,2.343,0.0,0.06443785386896737,0.8829873281207873,0.005122674575357239,0.007144782960366676,1.0,1.0
388,67.202,19.23076923076923,0.049827850038255544,0.8987184391736802,0.0031560826319816373,0.0065990818668706965,0.0,1.0
389,171.253,0.0,0.05191550304332259,0.9046425587778971,0.0048931853443131635,0.004177109440267335,1.0,1.0
390,219.3,10.526315789473683,0.051343136449519426,0.9191653659738767,0.003614556806046168,0.007475560667050029,0.0,1.0
391,13.535,0.0,0.052145274906229985,0.9030280852620987,0.004482663983167139,0.01235019668831763,1.0,0.0
392,648.447,0.0,0.044906900328587074,0.8950346841913107,0.006024096385542169,0.00547645125958379,1.0,1.0
393,107.462,0.0,0.05879882402351953,0.9227215455690886,0.00629987400251995,0.007839843203135938,1.0,0.0
394,264.544,7.142857142857142,0.04617943449760297,0.8770179043146463,0.004696213677722336,0.0021524312689560707,0.0,1.0
395,64.062,19.23076923076923,0.055185959576759806,0.9165557878730279,0.003167965532535006,0.007286320724830514,0.0,1.0
396,128.894,10.81081081081081,0.047153198982586575,0.8982586577969086,0.005087067110154568,0.007434944237918215,0.0,1.0
397,689.7230000000001,0.0,0.0633315593400745,0.896953166577967,0.008781266631186802,0.012174028738690792,1.0,1.0
398,689.7230000000001,9.523809523809524,0.05448523912966063,0.861970727538193,0.006588084469926285,0.015853571672162697,0.0,1.0
399,689.7230000000001,0.0,0.044966699189750985,0.8440030147214865,0.006702583464132694,0.014253595214864464,1.0,1.0
400,92.641,12.5,0.06200953252130374,0.9026045929420827,0.004910692792836166,0.005921717779596553,0.0,1.0
401,184.139,10.0,0.0615625980545968,0.9145905240037653,0.00671477878882962,0.012362723564480703,0.0,1.0
402,243.491,19.23076923076923,0.06679730765953822,0.8894947601601773,0.005623242736644799,0.011331686120814519,0.0,0.0
403,210.677,0.0,0.05889811703544031,0.9071197616179547,0.006403347492550561,0.00786153553540861,1.0,1.0
404,1.138,0.0,0.055994641661085066,0.9079705291359679,0.004554588077695914,0.011118553248492967,1.0,1.0
405,165.001,15.789473684210526,0.06324559742473017,0.9033327021397463,0.005112668055292559,0.007100927854572997,0.0,1.0
406,225.768,0.0,0.054731832326560495,0.8886143144792239,0.007321984257733846,0.012264323631704191,1.0,1.0
407,107.462,15.384615384615385,0.05730703525392142,0.9201739400528033,0.004037894082932133,0.009939431588756018,0.0,1.0
408,237.331,19.23076923076923,0.04748462546627684,0.8919245891722956,0.004536747656013711,0.009980844843230164,0.0,1.0
409,9.168,0.0,0.04378244188670729,0.8652674339878131,0.005754908598510494,0.006431956668923494,1.0,1.0
410,273.623,2.3255813953488373,0.0563368204424627,0.905333561996227,0.00943967928281317,0.011233064654433201,0.0,1.0
411,689.7230000000001,0.0,0.0478489611081513,0.8744006393180608,0.00616009589770911,0.015853571672162697,1.0,0.0
412,133.839,0.0,0.047578813962084805,0.8798648149126049,0.001953846966256535,0.00823784126313566,1.0,0.0
413,1.885,0.0,0.044424620874219445,0.8811775200713649,0.0046387154326494205,0.008920606601248885,1.0,1.0
414,53.851,19.23076923076923,0.047873728150273936,0.8993608139838247,0.005804852595877903,0.007826767545003914,0.0,1.0
415,37.755,0.0,0.054357366771159876,0.8807523510971786,0.004576802507836991,0.011786833855799372,0.0,1.0
416,2.584,0.0,0.054715562609639966,0.8843037340238911,0.005012112605463203,0.011694929412747473,1.0,1.0
417,107.462,0.0,0.04303554274735831,0.9490874159462056,0.0038424591738712775,0.007492795389048991,1.0,1.0
418,52.244,0.0,0.04063735177865613,0.8440030147214865,0.002717391304347826,0.006422924901185771,1.0,0.0
419,33.28,0.0,0.04853940029819427,0.8521177315147165,0.004859462145894306,0.010271135899276604,0.0,1.0
420,10.68,0.0,0.047554771051811856,0.8882774374415948,0.0041532551136953585,0.006749039559754958,1.0,0.0
421,1.17,0.0,0.05858439201451906,0.9104900181488204,0.007767695099818512,0.008421052631578947,1.0,0.0
422,64.941,0.0,0.04950495049504951,0.9054850270303104,0.005770515701876936,0.01190548502703031,1.0,0.0
423,27.499,0.0,0.057430209606165995,0.9074161105367046,0.00498167120970016,0.007613497509164395,1.0,1.0
424,75.517,0.0,0.052797955340328225,0.8506860371267151,0.003161151466236212,0.005111649179445789,1.0,1.0
425,37.076,19.23076923076923,0.06107244387805117,0.9057935496519949,0.005489657876678757,0.0073522203705519065,0.0,1.0
426,0.933,0.0,0.060842869104102706,0.9125034886966229,0.007954228300307006,0.008233324030142338,1.0,1.0
427,1.748,0.0,0.05562273276904474,0.8618500604594922,0.0058444175735590485,0.012494961708988311,1.0,1.0
428,151.691,7.142857142857142,0.044008001454809965,0.8651573013275141,0.00563738861611202,0.009819967266775777,0.0,1.0
429,119.44,0.0,0.05239864495683532,0.8995191782318872,0.004207190470986778,0.00639274396240848,1.0,1.0
430,13.427,0.0,0.05962877030162413,0.8970417633410673,0.004292343387470998,0.009222737819025523,1.0,0.0
431,0.088,0.0,0.05556372188740261,0.8948993091283257,0.006320740849625165,0.006761722769366456,0.0,1.0
432,3.97,0.0,0.053558676505593907,0.9046655558200428,0.007379195429659605,0.005117829088312306,1.0,0.0
433,689.7230000000001,5.555555555555555,0.045872179435211456,0.8614376435616808,0.0059451425483042835,0.009323064450749898,0.0,1.0
434,689.7230000000001,0.0,0.059711247103558907,0.9217515299150377,0.005882003446022221,0.010159824134038382,1.0,0.0
435,5.189,19.23076923076923,0.0537508249615018,0.9137640243455305,0.005499743345310552,0.005866392901664589,0.0,1.0
436,689.7230000000001,0.0,0.055666949872557346,0.9093967714528463,0.00356839422259983,0.014783347493627868,1.0,0.0
437,118.597,7.6923076923076925,0.05030367045154476,0.9222999735938738,0.005347240559809876,0.009308159493002377,0.0,1.0
438,208.617,16.666666666666664,0.05083659665361338,0.9018867924528302,0.0034887860448558207,0.006265574937700249,0.0,0.0
439,390.088,0.0,0.04924896982586734,0.8678053967831982,0.007776153130400107,0.008307855908547122,1.0,1.0
440,87.92,6.666666666666667,0.03416979427256821,0.8440030147214865,0.005069301848049281,0.007058521560574948,0.0,1.0
441,14.562,0.0,0.048259277477182054,0.8753894080996885,0.004700224080450347,0.009619063234410013,1.0,1.0
442,689.7230000000001,15.0,0.05024113873671396,0.894086248068549,0.004167251954862575,0.008568619188088215,0.0,1.0
443,356.697,0.0,0.05333333333333334,0.898401559454191,0.0037426900584795323,0.008966861598440545,1.0,1.0
444,162.974,0.0,0.039202433254477864,0.9106680184747099,0.005857834854117382,0.013292779092035597,1.0,1.0
445,62.025,0.0,0.05124068525773988,0.9191826073596067,0.004225243911807636,0.009526004455711761,1.0,1.0
446,332.813,0.0,0.04219516319972941,0.8880432944359885,0.005665482834432606,0.008117706747843734,1.0,1.0
447,4.735,0.0,0.058172879967226546,0.9018844735764031,0.0030725112658746417,0.0061450225317492835,1.0,0.0
448,19.937,0.0,0.048856145792943,0.8817371074059713,0.003780535091120589,0.011729352462194649,1.0,0.0
449,174.342,0.0,0.04833863556026865,0.9076528808766349,0.005125486037469071,0.009013785790031814,1.0,1.0
450,333.408,6.25,0.041933842239185753,0.8804071246819338,0.004987277353689567,0.008651399491094147,0.0,1.0
451,7.881,0.0,0.057729941291585124,0.9076973255055447,0.006414437921287236,0.011959121548162643,1.0,1.0
452,3.663,0.0,0.050905843327379435,0.9105639193671855,0.005996427660117377,0.009186016841030875,0.0,1.0
453,479.677,0.0,0.05713652154630793,0.9016926602113977,0.00724369872126543,0.013452583339492941,1.0,0.0
454,289.997,11.76470588235294,0.05258148941232453,0.8840114204139901,0.006661908160837497,0.009754936949797764,0.0,1.0
455,4.729,19.23076923076923,0.03539649946220788,0.8890192627358952,0.003911215410188716,0.0065512858120661,0.0,1.0
456,98.939,14.285714285714285,0.049492002816618044,0.9066492304597124,0.0058344230962679815,0.007846293129463836,0.0,1.0
457,46.981,0.0,0.043664996420901936,0.8440030147214865,0.004831782390837509,0.00733715103793844,0.0,1.0
458,228.268,0.0,0.06057642524305356,0.9065178622792384,0.005637691997929011,0.008456537996893517,0.0,0.0
459,59.276,19.23076923076923,0.04512135526958788,0.9095129499918554,0.003827985013845903,0.006189933213878482,0.0,0.0
460,175.482,11.76470588235294,0.05719380057605267,0.9209984912906323,0.005623371279659855,0.007886435331230283,0.0,1.0
461,107.462,0.0,0.06080535364024461,0.9183108341986846,0.004038306218991578,0.009922695280950732,1.0,1.0
462,70.245,0.0,0.04661921708185053,0.8844602609727165,0.004033214709371293,0.009727164887307236,0.0,0.0
463,107.771,0.0,0.05447026949950093,0.9211464423214031,0.00520461999144446,0.009696278340225297,1.0,1.0
464,30.013,0.0,0.06320113762047717,0.9046452836151051,0.005293095275714963,0.01271922894612103,1.0,0.0
465,107.462,0.0,0.05136044023234485,0.9180678691531642,0.005197187404463467,0.007031488841332926,0.0,1.0
466,34.12,7.142857142857142,0.04436860068259386,0.8863607634938693,0.007710782454809759,0.009606876501074453,0.0,1.0
467,157.359,11.11111111111111,0.05546470427909512,0.9146906514036522,0.008517307168165712,0.006336876533115291,0.0,1.0
468,516.538,6.25,0.05868205868205868,0.889009139009139,0.00481000481000481,0.015853571672162697,0.0,1.0
469,76.212,0.0,0.0540115364446775,0.9181961195595175,0.005468574425050565,0.008539965540489924,0.0,1.0
470,260.527,0.0,0.04583359070974118,0.8440030147214865,0.003644449935141145,0.009883254061399716,1.0,0.0
471,326.113,0.0,0.050308764375956036,0.8828961531924537,0.006911789700300266,0.007251713783921591,0.0,0.0
472,508.466,0.0,0.04387135022973173,0.8658663109530161,0.006817844968133985,0.01511783014673188,1.0,0.0
473,689.7230000000001,0.0,0.05030976287118137,0.9003952146977142,0.003952146977141637,0.007370220038453322,0.0,1.0
474,482.18,11.76470588235294,0.04793476098919313,0.9171915401445336,0.005966982695750182,0.012199164622422595,0.0,1.0
475,20.752,7.6923076923076925,0.04283071230342276,0.9011100832562442,0.004902867715078631,0.01452358926919519,0.0,1.0
476,0.441,0.0,0.0658982331083643,0.9234852506256161,0.006445742018654736,0.010389019488890573,1.0,1.0
477,55.778,0.0,0.04877286227919337,0.9008910426762545,0.004377051743004534,0.009692043145224325,0.0,1.0
478,689.7230000000001,0.0,0.039718676315147576,0.8963736889177982,0.0040653711683876735,0.0071143995446784295,1.0,1.0
479,4.854,0.0,0.05564545127651924,0.8841244156778137,0.004764473211075153,0.008809780654440848,1.0,1.0
480,44.672,0.0,0.04974242040368212,0.893083354446415,0.004898234946372772,0.010134279199391943,1.0,0.0
481,0.39,9.090909090909092,0.03992921137042363,0.8705895365556907,0.0030970025439663756,0.00641521955535892,0.0,1.0
482,120.023,7.142857142857142,0.05124555160142349,0.9237544483985766,0.004181494661921708,0.006850533807829182,0.0,0.0
483,39.675,14.285714285714285,0.05652665995975855,0.9268737424547284,0.006539235412474849,0.008739939637826962,0.0,1.0
484,203.117,0.0,0.0625971743392145,0.933887649563983,0.005137565064557561,0.008990738862975732,1.0,1.0
485,689.7230000000001,0.0,0.054508693894055806,0.9137889203396684,0.008491710473109584,0.009381318236959158,1.0,1.0
486,80.936,0.0,0.04665970772442589,0.8916492693110647,0.0042797494780793316,0.013361169102296452,1.0,1.0
487,35.879,0.0,0.04258923169993951,0.8958257713248639,0.004597701149425287,0.005928614640048397,1.0,0.0
488,689.7230000000001,0.0,0.055800508073699885,0.8998452419190002,0.008263497532630596,0.01576780447922446,1.0,0.0
489,187.331,0.0,0.052714061832169826,0.8997008120814931,0.007622168400056988,0.006553640119675168,1.0,1.0
490,107.462,0.0,0.059597961494903734,0.8989241223103058,0.006370328425821065,0.006795016987542469,1.0,1.0
491,10.705,0.0,0.048805898381150827,0.8969386119570444,0.005770155473633595,0.011059464657797724,0.0,0.0
492,140.902,0.0,0.05492210431248589,0.9100812824565364,0.0048543689320388345,0.00626552269135245,1.0,1.0
493,689.7230000000001,0.0,0.045445240532241554,0.8578300921187308,0.004503582395087001,0.00736949846468782,1.0,0.0
494,31.311,4.166666666666666,0.04743202416918429,0.9002014098690836,0.003323262839879154,0.006445115810674723,0.0,0.0
495,450.351,0.0,0.054569600386333454,0.870819751297839,0.005795001810938066,0.010503440782325244,1.0,0.0
496,209.38,12.5,0.05020192606399503,0.9047530288909599,0.004659832246039142,0.007517862690276484,0.0,1.0
497,296.887,11.76470588235294,0.045949214026602174,0.8440030147214865,0.005441354292623942,0.006218690620141648,0.0,1.0
498,22.941,19.23076923076923,0.05087396504139834,0.9055197792088316,0.003495860165593376,0.005887764489420423,0.0,0.0
499,689.7230000000001,7.142857142857142,0.05284753806604706,0.9272295827565751,0.0058829345461736205,0.015853571672162697,0.0,1.0
500,689.7230000000001,0.0,0.04698623635500712,0.897484575225439,0.006585192216421452,0.01210251542477456,1.0,0.0
501,172.057,0.0,0.036557539682539685,0.8871031746031746,0.004861111111111111,0.005952380952380952,1.0,0.0
502,59.266,0.0,0.05874485046278958,0.908458616446418,0.006366700551067359,0.009576801669252582,1.0,1.0
503,35.051,0.0,0.0487778958554729,0.9097768331562168,0.0038257173219978747,0.00818278427205101,1.0,1.0
504,66.293,10.0,0.05512893056341444,0.91932745938081,0.0029908657343787892,0.007679249858540134,0.0,1.0
505,59.551,0.0,0.047260852016291786,0.8662532565222177,0.004329798554287601,0.007412028033610979,1.0,1.0
506,111.831,13.333333333333334,0.05398548171118472,0.8918176051871168,0.005779124674043273,0.015853571672162697,0.0,1.0
507,689.7230000000001,0.0,0.049374491080020726,0.9002886964246058,0.0034051373158634985,0.011325782811459028,1.0,1.0
508,25.509,0.0,0.04944842268240759,0.8867814979678731,0.005031933423650087,0.008612347590478034,1.0,1.0
509,83.902,7.142857142857142,0.04895721139723881,0.8881817291687065,0.0056790365220797025,0.006658180750024479,0.0,1.0
510,32.57,11.11111111111111,0.052028491793124805,0.8626819448745742,0.003282750077423351,0.009910188912976153,0.0,1.0
511,67.874,0.0,0.0461649434960327,0.8975715316181775,0.008054820870401538,0.0072132724212551095,1.0,1.0
512,30.917,19.23076923076923,0.050421291962016855,0.8964825464758593,0.006687174000267487,0.009629530560385182,0.0,1.0
513,21.636,0.0,0.058823529411764705,0.9006042668639783,0.00863238377111851,0.009742261684548033,1.0,0.0
514,71.269,0.0,0.05101714772606241,0.8915752476302056,0.004047289381190755,0.0067099797635530945,0.0,1.0
515,460.702,0.0,0.055400864138262125,0.9201152184349496,0.005472875660105617,0.015853571672162697,1.0,0.0
516,61.608,0.0,0.05048556177246125,0.8545244067142581,0.004116020322850344,0.008232040645700689,0.0,1.0
517,73.147,9.090909090909092,0.060005321979776476,0.9180415114422565,0.003459286854709952,0.01077700904736562,0.0,1.0
518,107.462,0.0,0.05482588263646222,0.9036028437161103,0.003614893360645861,0.00771177250271117,0.0,1.0
519,295.596,0.0,0.05342777194823365,0.8809024134312696,0.005246589716684155,0.011105281566981462,0.0,0.0
520,15.299,16.666666666666664,0.05375472717450027,0.9023951017468035,0.0035116153430578066,0.008373851971907077,0.0,1.0
521,122.029,7.142857142857142,0.04995806876722176,0.8805558883431173,0.003594105666706601,0.007308014855636756,0.0,1.0
522,176.269,7.142857142857142,0.042242554019855945,0.8781389916293556,0.003893322951138797,0.011582635779637921,0.0,1.0
523,302.541,0.0,0.05078318219291014,0.8740313272877164,0.0028854080791426216,0.008656224237427864,1.0,1.0
524,4.553,0.0,0.05204216073781291,0.9235836627140975,0.003184014053579271,0.012077294685990338,1.0,0.0
525,54.218,0.0,0.05366070436618153,0.8984557271414287,0.004443950672147539,0.005443839573380735,1.0,1.0
526,9.537,0.0,0.06988113378907758,0.8883004333172846,0.00943967928281317,0.005617075910768737,1.0,1.0
527,107.462,0.0,0.0595931620666603,0.915289848152039,0.0051571005634609875,0.008499665743481998,1.0,0.0
528,60.119,0.0,0.05310833515961721,0.8927606107093287,0.0067207246694426185,0.00642851924903207,0.0,0.0
529,107.462,0.0,0.05517076665870552,0.9154525913541915,0.0059708621925005975,0.007403869118700741,0.0,1.0
530,66.245,19.23076923076923,0.05574972295626971,0.9279686301253091,0.006052339953968118,0.007757224448043645,0.0,1.0
531,10.885,5.88235294117647,0.05645496056454961,0.9143212951432129,0.00448318804483188,0.009879618098796181,0.0,1.0
532,36.179,0.0,0.05011777021722062,0.9097749280293117,0.0041219576027218,0.008309343103899502,1.0,1.0
533,152.935,19.23076923076923,0.06081539505335225,0.9296860544007894,0.008141614753592796,0.007031394559921051,0.0,1.0
534,25.868,0.0,0.048094460977248725,0.8995872132091773,0.00671978496688106,0.009215705097436883,1.0,1.0
535,270.915,7.142857142857142,0.05896613190730838,0.9000356506238859,0.0072014260249554365,0.008128342245989306,0.0,1.0
536,196.737,0.0,0.05619892715696596,0.9226951421266356,0.006216473655186244,0.009876171855416855,0.0,1.0
537,120.271,19.23076923076923,0.053826162287034365,0.9185677158533064,0.005659832515160266,0.007450187698527289,0.0,1.0
538,689.7230000000001,0.0,0.055783321702721565,0.9051378227494766,0.005931612002791347,0.012430216329378926,1.0,1.0
539,71.355,8.333333333333332,0.06496736089524402,0.9059164853383069,0.005595275101025801,0.007563983006942286,0.0,1.0
540,81.061,19.23076923076923,0.05456684806589204,0.9169730842770996,0.0033828504191792913,0.006103838799823504,0.0,1.0
541,38.798,0.0,0.03633957654723127,0.8952565146579805,0.00376628664495114,0.008754071661237785,1.0,0.0
542,288.578,0.0,0.04930904522613065,0.8907558626465661,0.004292294807370184,0.009997906197654942,1.0,1.0
543,5.015,0.0,0.059249737057379924,0.9127030501343929,0.0065443496552530095,0.006894939815355849,1.0,1.0
544,689.7230000000001,0.0,0.04788395183437786,0.8795859446517851,0.0038729666924864447,0.009506372790648546,1.0,1.0
545,332.403,0.0,0.05004774476211874,0.8770431949671403,0.004044262202999495,0.01567151603662304,1.0,0.0
546,689.7230000000001,0.0,0.044051335414498786,0.8927428989863954,0.005318533934558909,0.012063051605195206,1.0,1.0
547,93.135,19.047619047619047,0.05731971525843392,0.9057876818322501,0.005632930981120396,0.0043949241720829466,0.0,1.0
548,76.041,8.333333333333332,0.05488770850806076,0.8770850806075855,0.004659398005777654,0.007455036809244245,0.0,1.0
549,689.7230000000001,0.0,0.04939753679249478,0.8885331910541995,0.006491485483082122,0.009159219243252857,0.0,1.0
550,523.149,0.0,0.05659734060688715,0.9098761222866235,0.005114217524718718,0.006137061029662462,0.0,1.0
551,107.462,12.5,0.0579924803463598,0.911473168508602,0.006380312179560214,0.007861456078386692,0.0,1.0
552,107.462,0.0,0.050340310774367535,0.8595094388082702,0.0051367664055477075,0.008218826248876333,1.0,0.0
553,689.7230000000001,0.0,0.059027777777777776,0.8816510172143975,0.004499217527386541,0.013302034428794992,1.0,0.0
554,208.807,0.0,0.04265711494627157,0.8726799088244871,0.0039075219798111365,0.0053185715836318245,1.0,1.0
555,374.253,0.0,0.05043391663109973,0.9142836818893157,0.004979371176554275,0.011737089201877934,0.0,1.0
556,90.262,19.23076923076923,0.04258943781942078,0.8888191517977226,0.005021070563973819,0.004662422666547117,0.0,1.0
557,107.462,0.0,0.04651851851851852,0.9454814814814815,0.001925925925925926,0.00725925925925926,1.0,0.0
558,689.7230000000001,15.789473684210526,0.043777185351480286,0.8440030147214865,0.007436509050091203,0.007015574575557738,0.0,1.0
559,226.462,0.0,0.041113334546116063,0.8740221939239585,0.005002728761142441,0.008186283427323995,1.0,1.0
560,107.462,0.0,0.05383717537204552,0.8942223519112926,0.003939305515027721,0.005836008170411439,1.0,1.0
561,192.713,0.0,0.05880013258203513,0.9061982101425257,0.004375207159429897,0.011070599933708982,1.0,1.0
562,40.655,0.0,0.054183101515466056,0.8874818351671164,0.0044633589370977785,0.011314095910317625,1.0,0.0
563,3.605,14.285714285714285,0.06415191172696946,0.9022324865280985,0.00943967928281317,0.006158583525789068,0.0,0.0
564,46.928,0.0,0.0388814913448735,0.8728362183754993,0.002929427430093209,0.005459387483355526,0.0,0.0
565,228.47,0.0,0.05026094849103699,0.9210347174948945,0.007374631268436578,0.005218969820739733,0.0,1.0
566,58.65,0.0,0.05713660245183888,0.9099532983070636,0.0032837127845884414,0.008756567425569177,1.0,0.0
567,313.892,0.0,0.057447710570944034,0.9105426794799322,0.003674392312040701,0.009468626342566422,1.0,1.0
568,689.7230000000001,0.0,0.05394428236370917,0.901493049596705,0.004862422058234655,0.015853571672162697,1.0,1.0
569,110.88,0.0,0.04875048058439062,0.9124951941560938,0.00461361014994233,0.00853517877739331,1.0,1.0
570,2.475,7.142857142857142,0.04424285827962123,0.88549375348134,0.003421659902920347,0.008434789528129228,0.0,1.0
571,153.093,5.405405405405405,0.05414464354776331,0.9368312491942762,0.0029650638133298956,0.0069614541704267115,0.0,1.0
572,689.7230000000001,0.0,0.05067715159458279,0.8440030147214865,0.009349060725207515,0.015853571672162697,1.0,0.0
573,70.044,13.333333333333334,0.056974872261496466,0.8633722964933156,0.005389514943655071,0.009099181073703366,0.0,1.0
574,0.349,0.0,0.05854650540511613,0.9203681900888365,0.007064112169538692,0.010061008241464197,1.0,1.0
575,107.462,0.0,0.06463014390305478,0.8841201716738197,0.004291845493562232,0.00555415299166877,1.0,0.0
576,43.293,4.3478260869565215,0.04594260428190278,0.8932127285742175,0.0036441725776013537,0.007613717706774256,0.0,1.0
577,1.18,0.0,0.06988113378907758,0.9151160560138116,0.00943967928281317,0.007577210819106081,1.0,1.0
578,38.518,13.333333333333334,0.0460936813428245,0.8582037085859917,0.005184989893663766,0.008085068986729942,0.0,1.0
579,689.7230000000001,0.0,0.0603448275862069,0.8596551724137931,0.00943967928281317,0.013300492610837438,1.0,0.0
580,107.462,0.0,0.059115823984427024,0.8994416269658316,0.0058398647610265865,0.015853571672162697,1.0,0.0
581,689.7230000000001,0.0,0.06407478486968365,0.9203863059493592,0.005881260446975794,0.015415093171547082,1.0,0.0
582,113.459,0.0,0.05973962769193333,0.8851441781238594,0.0032850711765421586,0.01228859958632437,1.0,0.0
583,111.943,13.333333333333334,0.05329352491136406,0.8912483672326926,0.0033215152080612056,0.008359768613547303,0.0,1.0
584,5.812,15.384615384615385,0.054268696227663796,0.9020516214427532,0.006750496360026472,0.0066181336863004635,0.0,1.0
585,28.27,19.23076923076923,0.0541864822020464,0.9063265600230581,0.002449920737858481,0.013258394581351779,0.0,1.0
586,107.462,0.0,0.05104733630216065,0.9195117928418275,0.006762328880092363,0.007339600857661224,0.0,1.0
587,5.016,0.0,0.057950386335908904,0.9135827572183814,0.0075233834892232615,0.0077267181781211875,1.0,0.0
588,79.012,0.0,0.05251624603294544,0.9163518210669488,0.003929273084479371,0.005364969019192988,0.0,1.0
589,7.6,0.0,0.05150413734436625,0.9071224189931173,0.003866676977805274,0.007733353955610548,1.0,0.0
590,156.102,18.75,0.05049587402528579,0.9170262699674464,0.0056022408963585435,0.00794912559618442,0.0,1.0
591,329.968,12.5,0.04681121291844326,0.8782545586500953,0.007529710605098431,0.00934409870271251,0.0,1.0
592,36.051,0.0,0.05198647506339814,0.9025077486615948,0.003733446041138349,0.012890955198647506,1.0,0.0
593,286.453,9.375,0.053510832680762205,0.8884103367267032,0.004959540589924301,0.008613938919342208,0.0,0.0
594,86.204,0.0,0.05195609344216155,0.8967070081621166,0.0054601745004221785,0.006642274134534196,1.0,1.0
595,107.462,5.263157894736842,0.04291061014883802,0.8718774479937331,0.00417790930455218,0.011315171033162156,0.0,1.0
596,689.7230000000001,0.0,0.05827974276527331,0.8946945337620579,0.005894962486602358,0.010986066452304395,0.0,1.0
597,136.952,0.0,0.05490066225165563,0.8533774834437086,0.005165562913907285,0.01119205298013245,1.0,1.0
598,48.715,0.0,0.06322743000943692,0.9216734822271154,0.006228373702422145,0.0058508965083359545,0.0,1.0
599,81.275,0.0,0.04157010428736964,0.902954808806489,0.004200463499420626,0.008835457705677868,1.0,1.0
600,16.415,0.0,0.03739545171770236,0.877998202806387,0.0022810534319485727,0.004492984032625977,1.0,1.0
601,689.7230000000001,11.39240506329114,0.05701179554390563,0.9190694626474443,0.005078636959370904,0.008409785932721712,0.0,0.0
602,107.462,0.0,0.051515151515151514,0.8912457912457913,0.0047138047138047135,0.006228956228956229,0.0,1.0
603,107.462,0.0,0.052124220734241514,0.9066035557607943,0.005252828446086354,0.00963980604941122,1.0,1.0
604,79.503,19.23076923076923,0.053355534641279956,0.9072612756099326,0.004198943024686889,0.005864041120683414,0.0,1.0
605,269.196,0.0,0.044641061733360146,0.9066291306387828,0.00408874589449695,0.008981835243649039,0.0,0.0
606,38.274,0.0,0.05288899941971317,0.9173505761419216,0.004642294619912128,0.015170355632927133,1.0,1.0
607,143.602,0.0,0.0493215593366358,0.8637734223562352,0.005815205685978893,0.004846004738315744,0.0,1.0
608,113.175,18.75,0.04288240495137047,0.8475685234305924,0.005305039787798408,0.009549071618037135,0.0,1.0
609,26.832,0.0,0.05635051285298214,0.9051538558946436,0.004178802076738002,0.008104343421552489,1.0,1.0
610,689.7230000000001,0.0,0.04715778740759623,0.9151159826663268,0.0034157532500637268,0.01361203160846291,1.0,1.0
611,107.462,0.0,0.06892018779342723,0.912018779342723,0.005446009389671361,0.009859154929577466,1.0,0.0
612,689.7230000000001,0.0,0.059075661572866194,0.9040874642812772,0.004037768666915144,0.004783202882345633,0.0,1.0
613,21.838,7.142857142857142,0.05161929005798331,0.8937915429217932,0.004949794937066893,0.011596662423985292,0.0,1.0
614,20.393,0.0,0.05516767769257182,0.8450268971042691,0.0016023806798672313,0.006638434245164244,1.0,1.0
615,91.9,0.0,0.05009587727708533,0.8443592201981464,0.004234579737935442,0.008948545861297539,1.0,1.0
616,58.784,19.23076923076923,0.04528450482378421,0.9147469974404411,0.005217562512305572,0.009549123843276235,0.0,1.0
617,137.953,0.0,0.04936854190585534,0.8869753795126929,0.0044010715652506695,0.010460517923204491,1.0,0.0
618,238.577,6.666666666666667,0.051091098025632144,0.8803255975060617,0.00891929338413578,0.008226532732940769,0.0,1.0
619,54.099,0.0,0.05325844217364824,0.9055965351559857,0.0020978547743114298,0.008391419097245719,0.0,1.0
620,99.646,0.0,0.04395946999220577,0.8440030147214865,0.002260327357755261,0.006001558846453624,1.0,1.0
621,456.0,0.0,0.05492874109263658,0.9246437054631829,0.0081353919239905,0.01342042755344418,1.0,0.0
622,689.7230000000001,10.0,0.04386259371153631,0.8440030147214865,0.005426877028085487,0.009175338480474433,0.0,1.0
623,76.935,0.0,0.04627081824764663,0.8984793627805938,0.009051412020275163,0.007458363504706734,1.0,0.0
624,236.359,6.976744186046512,0.03635699278341098,0.8575865533936238,0.0023750799305745866,0.00675984287932767,0.0,1.0
625,601.54,13.333333333333334,0.03871876099964801,0.8602604716649067,0.005139035550862372,0.004505455825413587,0.0,1.0
626,107.462,0.0,0.055517865219357754,0.9188150158299412,0.005427408412483039,0.007914970601537766,0.0,1.0
627,107.462,0.0,0.04762547220723152,0.8838370210469509,0.004452239611440907,0.010388559093362115,1.0,1.0
628,135.637,0.0,0.05108544114718184,0.9277036446922924,0.00657239593706433,0.007966540529774946,1.0,1.0
629,656.036,0.0,0.04484600672690101,0.8791136318670448,0.003693200553980083,0.00936490140473521,1.0,0.0
630,689.7230000000001,6.0606060606060606,0.06281792490916431,0.8714574081550263,0.004360113039967703,0.006540169559951554,0.0,0.0
631,64.226,0.0,0.0454594888526373,0.8949429037520391,0.005981511691136488,0.013811854268624251,1.0,0.0
632,689.7230000000001,13.333333333333334,0.05623603039785427,0.8973625391148861,0.004202056325435852,0.00929816718819848,0.0,1.0
633,515.253,0.0,0.051903284581671344,0.8983601713694785,0.0044812133746983795,0.009799576500714039,1.0,0.0
634,107.462,12.0,0.05340236686390532,0.9031804733727811,0.004215976331360947,0.005177514792899409,0.0,1.0
635,80.42,3.8461538461538463,0.05632730732635585,0.9188392007611799,0.0035204567078972408,0.007897240723120837,0.0,0.0
636,67.263,0.0,0.04664938911514254,0.8832531161298285,0.0020979883993582625,0.007528076021226706,0.0,1.0
637,689.7230000000001,0.0,0.05063554907272348,0.8825797041050218,0.006980620962700562,0.011669097728693479,1.0,0.0
638,119.525,3.3333333333333335,0.047085741811175336,0.8966763005780347,0.009152215799614644,0.01168111753371869,0.0,0.0
639,494.552,0.0,0.04776183336902977,0.8900192760762476,0.003533947312058257,0.010708931248661383,1.0,0.0
640,689.7230000000001,0.0,0.05415316390926147,0.9096452328159645,0.004988913525498891,0.015819546307351186,1.0,0.0
641,689.7230000000001,6.25,0.04944714727996462,0.8901371074745688,0.004157452454666077,0.00734188412206988,0.0,1.0
642,47.824,6.25,0.04692129073584755,0.8835775482424534,0.007926975738650012,0.007286412042597485,0.0,1.0
643,16.36,0.0,0.058646616541353384,0.9025563909774436,0.00481203007518797,0.009924812030075189,0.0,1.0
644,689.7230000000001,0.0,0.05167903852951573,0.8759278897136797,0.004878048780487805,0.010745846588900671,1.0,0.0
645,508.715,8.571428571428571,0.05522009276275488,0.9002362824888422,0.005863306204603133,0.009976371751115778,0.0,0.0
646,0.17,0.0,0.06314963718376153,0.8944891155128456,0.003530103941949402,0.00862914296920965,1.0,1.0
647,20.063,0.0,0.05413945649884137,0.9154202654307984,0.0033705498209395408,0.014114177375184327,1.0,1.0
648,133.704,13.333333333333334,0.05042124074546847,0.8877967832524891,0.0020423793719683433,0.005871840694408987,0.0,1.0
649,586.794,0.0,0.056764928193499625,0.9059712773998488,0.008616780045351474,0.01345427059712774,1.0,1.0
650,107.462,0.0,0.0545704677468664,0.9183735860593091,0.006267196575970651,0.010241516355854479,1.0,1.0
651,107.462,11.428571428571429,0.06135817745105175,0.8929325278404542,0.004731057573331392,0.010117184656816363,0.0,0.0
652,30.467,19.23076923076923,0.05289615846338536,0.8440030147214865,0.006677671068427371,0.006527611044417767,0.0,1.0
653,540.399,0.0,0.04246604871739599,0.8694761802112524,0.004095710282388446,0.006466910972192283,0.0,1.0
654,496.413,0.0,0.04770731707317073,0.8865365853658537,0.005560975609756097,0.008195121951219513,1.0,1.0
655,186.101,19.23076923076923,0.05060259001422262,0.9209521670783741,0.006512463507747586,0.007934725653117747,0.0,1.0
656,25.461,0.0,0.05677045619116582,0.9062273714699494,0.005068790731354091,0.009123823316437364,1.0,1.0
657,55.431,0.0,0.04797617734642109,0.8895996470717988,0.004191022388882762,0.009043785154957538,0.0,0.0
658,117.857,18.75,0.04317764921687597,0.9094115987018484,0.006772964583039368,0.005361930294906166,0.0,0.0
659,689.7230000000001,6.666666666666667,0.05454545454545454,0.9042881646655232,0.008061749571183533,0.008833619210977701,0.0,0.0
