,Up_Revision,T1_prime,T2_prime,S1_prime,S2_prime,Positive_EPS_Dummy,Pre_IPO_Price_Revision,Post_IPO_Initial_Return
0,11.11111111111111,0.6404255319148936,0.054249547920433995,0.004874597059517258,0.009198836386508374,1.0,0.0,1.0
1,0.0,0.6447534766118836,0.0513950073421439,0.0032580763582966228,0.011104992657856094,0.0,1.0,0.0
2,0.0,0.6368159203980099,0.06176358798935766,0.011592550361079437,0.006271379703534778,0.0,1.0,0.0
3,0.0,0.5396341463414634,0.06162973725632643,0.00968640271219276,0.00714372200024216,0.0,1.0,1.0
4,5.0,0.5874125874125874,0.048550236008091704,0.004517869184086311,0.0100472016183412,1.0,0.0,1.0
5,0.0,0.6431372549019608,0.04528029334963053,0.003444635813100728,0.00533362964609145,1.0,0.0,1.0
6,0.0,0.7656565656565657,0.04429496128950374,0.005203706054067775,0.006726741972331514,0.0,1.0,1.0
7,0.0,0.8263473053892215,0.055852485301977554,0.004899340815962943,0.010689470871191877,0.0,1.0,0.0
8,0.0,0.5403225806451613,0.06190508337271316,0.003915479646256667,0.0083710254506177,0.0,1.0,1.0
9,0.0,0.5142857142857142,0.050251806437486314,0.00886796584190935,0.009853295379899277,1.0,1.0,0.0
10,0.0,0.5454545454545454,0.06651693158258466,0.005010366275051832,0.007083621285418107,0.0,1.0,1.0
11,6.666666666666667,0.6844660194174758,0.04518492672714585,0.00366364270760642,0.007501744591765527,1.0,0.0,1.0
12,8.695652173913043,0.5552884615384616,0.06873698163226662,0.0076690020829388375,0.01117212649119485,0.0,0.0,1.0
13,0.0,0.6089743589743589,0.048784414748027694,0.005259485858423228,0.013739065099554554,1.0,1.0,1.0
14,0.0,0.7047781569965871,0.03577334362253335,0.0054018300077169,0.005071105721530151,1.0,1.0,1.0
15,0.0,0.5204460966542751,0.05204460966542751,0.0055762081784386614,0.005111524163568773,1.0,0.0,1.0
16,0.0,0.6317135549872123,0.05325914149443561,0.006359300476947536,0.011835364776541247,1.0,1.0,1.0
17,0.0,0.6117424242424242,0.03869488014205386,0.003995264871263687,0.005548978987866233,1.0,1.0,1.0
18,12.5,0.521484375,0.03671687778158165,0.004450530640191715,0.0066757959602875725,1.0,0.0,1.0
19,0.0,0.6257928118393234,0.05564814143902616,0.0047822621549163105,0.009854358379827548,0.0,1.0,0.0
20,6.666666666666667,0.5972927241962775,0.04715333566189312,0.003981837233670974,0.005099545930841775,1.0,0.0,1.0
21,0.0,0.5340501792114696,0.04688689298218907,0.004414674988582737,0.014157405997868777,0.0,0.0,1.0
22,0.0,0.6048387096774194,0.058778509107607534,0.008878003979794888,0.00596969233124139,0.0,1.0,1.0
23,0.0,0.6996197718631179,0.05499360539472154,0.007324729682595047,0.005929543076386466,0.0,0.0,1.0
24,0.0,0.6023166023166023,0.057854406130268196,0.004597701149425287,0.010855683269476373,0.0,1.0,1.0
25,0.0,0.6753507014028056,0.057410964977094726,0.006723806709029112,0.0065021427515885915,1.0,1.0,1.0
26,5.263157894736842,0.6337760910815939,0.05391176862588298,0.0030654404904704785,0.012061841929894708,0.0,0.0,1.0
27,0.0,0.6801872074882995,0.04858255788790305,0.006762605496645748,0.008872538411599221,1.0,1.0,1.0
28,0.0,0.6972704714640199,0.051739813207703114,0.008513100256219522,0.008430448797421275,0.0,1.0,1.0
29,0.0,0.6539792387543253,0.05220314988497611,0.004777915413201203,0.00513183507343833,1.0,1.0,0.0
30,8.333333333333332,0.6810176125244618,0.04766877572332453,0.004361447263345414,0.006081454634805578,0.0,0.0,1.0
31,0.0,0.5319148936170213,0.05367626502655857,0.006569751188146492,0.006569751188146492,1.0,1.0,1.0
32,54.285714285714285,0.5671641791044776,0.05592941528338567,0.00493494840735756,0.01114101988933752,0.0,0.0,1.0
33,0.0,0.7061855670103093,0.05553732567678425,0.004593929450369155,0.00951599671862182,0.0,0.0,0.0
34,8.108108108108109,0.5825,0.053774050320670945,0.0046373951652688705,0.00680809077454366,1.0,0.0,1.0
35,35.714285714285715,0.6307129798903108,0.05710211841390549,0.004073872895165671,0.010116784356328082,0.0,0.0,1.0
36,2.857142857142857,0.6539278131634819,0.047122471381527364,0.0050964403324447235,0.006664575819350792,0.0,0.0,1.0
37,16.666666666666664,0.577639751552795,0.04419746704574826,0.004523132592401137,0.007753941586973378,1.0,0.0,1.0
38,3.125,0.6485981308411215,0.05422955422955423,0.004563004563004563,0.004914004914004914,1.0,0.0,1.0
39,21.428571428571427,0.7517482517482518,0.052843888664784185,0.004840661557079467,0.008298276954993373,1.0,0.0,1.0
40,0.0,0.598159509202454,0.0461324570273003,0.0037917087967644083,0.008594539939332659,1.0,1.0,1.0
41,23.52941176470588,0.6666666666666666,0.049263450042698546,0.005924423569598634,0.01430401366353544,1.0,0.0,1.0
42,0.0,0.5700197238658777,0.05622393326916907,0.006336220725056144,0.01122874558870709,0.0,1.0,1.0
43,0.0,0.6581352833638026,0.04953631703242901,0.0032256206439721215,0.008985657508208053,0.0,1.0,0.0
44,0.0,0.6357142857142857,0.061957569913211184,0.004459980713596914,0.009281581485053038,0.0,1.0,1.0
45,22.22222222222222,0.687960687960688,0.049487365786711875,0.00403648986841043,0.006700573181561314,0.0,0.0,1.0
46,0.0,0.4663677130044843,0.05749163221106517,0.0057097853908249655,0.011813349084465446,0.0,1.0,1.0
47,0.0,0.6096681096681097,0.057173107464266806,0.007789457762988732,0.01915853689278782,0.0,1.0,0.0
48,20.0,0.6203090507726269,0.053901437371663245,0.0034223134839151265,0.006416837782340862,0.0,0.0,1.0
49,0.0,0.6169354838709677,0.06184012066365008,0.007692307692307693,0.008144796380090498,0.0,1.0,1.0
50,0.0,0.5171232876712328,0.0582018927444795,0.005362776025236593,0.006309148264984227,0.0,1.0,0.0
51,13.333333333333334,0.6371951219512195,0.04011824324324324,0.006228885135135135,0.006228885135135135,1.0,0.0,1.0
52,0.0,0.6948775055679287,0.05476795506219072,0.006620302260264812,0.006553430520262137,0.0,1.0,0.0
53,7.142857142857142,0.55,0.0652282082598272,0.005790021260234315,0.014655991314968109,1.0,0.0,1.0
54,0.0,0.5767790262172284,0.06543550966991421,0.005089428529882216,0.007416024429256944,0.0,1.0,0.0
55,3.614457831325301,0.634453781512605,0.03459190594619037,0.007687090210264526,0.005652272213429799,1.0,0.0,0.0
56,0.0,0.5407407407407407,0.0559748427672956,0.00990566037735849,0.005974842767295598,0.0,1.0,0.0
57,5.88235294117647,0.717948717948718,0.04437970564867012,0.00469146078468465,0.005939994703189437,1.0,0.0,1.0
58,0.0,0.6360153256704981,0.055823127379478005,0.006329984863079675,0.013714967203339297,0.0,1.0,0.0
59,4.545454545454546,0.6051188299817185,0.05294379356369568,0.004745662168174403,0.006228681595728904,0.0,0.0,1.0
60,0.0,0.6189555125725339,0.05804971319311664,0.0076481835564053535,0.01277246653919694,0.0,1.0,1.0
61,0.0,0.740506329113924,0.048891912908242616,0.005589035769828927,0.007873250388802489,0.0,1.0,1.0
62,0.0,0.5555555555555556,0.050827966881324745,0.0020699172033118675,0.008509659613615455,0.0,1.0,0.0
63,37.5,0.6894941634241245,0.061365373590674566,0.006807758455952609,0.013734951270781578,1.0,0.0,1.0
64,73.91304347826086,0.5328467153284672,0.05186308146493258,0.006063991063592117,0.010133248224686827,1.0,0.0,1.0
65,0.0,0.6185567010309279,0.053400406307439294,0.0031924155944664796,0.005417432523943117,0.0,0.0,1.0
66,16.27906976744186,0.5841750841750841,0.04993173395748001,0.0031207333723425007,0.009882322345751251,0.0,0.0,1.0
67,18.181818181818183,0.6821705426356589,0.050940364804838864,0.00302428881958227,0.00954541158680654,1.0,0.0,1.0
68,0.0,0.5717344753747323,0.0504453735684421,0.006998727504090165,0.008998363933830213,1.0,1.0,1.0
69,17.647058823529413,0.601123595505618,0.039947466345627666,0.00536281055050892,0.005691145890335997,1.0,0.0,1.0
70,0.0,0.6365105008077544,0.05699262661670494,0.0028405656956364076,0.007433820863048471,0.0,0.0,1.0
71,10.714285714285714,0.6577181208053692,0.03733923385423869,0.004148803761582077,0.006638086018531324,0.0,0.0,1.0
72,0.0,0.6526946107784432,0.05273217899707668,0.003710366539239937,0.012030582415111311,1.0,1.0,0.0
73,0.0,0.5156576200417536,0.05198555956678701,0.00351985559566787,0.0101985559566787,1.0,1.0,0.0
74,0.0,0.5601023017902813,0.04493664146523267,0.006069641145777872,0.008518794590565435,1.0,0.0,0.0
75,10.0,0.7516059957173448,0.04535452322738386,0.003728606356968215,0.004706601466992665,1.0,0.0,1.0
76,0.0,0.528395061728395,0.05079294665631585,0.0064322945547299545,0.011090163025396473,0.0,1.0,1.0
77,0.0,0.6470588235294118,0.04359972908906197,0.004232983406705046,0.0077886894683372844,0.0,1.0,0.0
78,0.0,0.6112852664576802,0.0655388871156506,0.00744760080859666,0.007873177997659325,0.0,0.0,1.0
79,0.0,0.668,0.050206124852767965,0.005153121319199058,0.007361601884570083,0.0,1.0,1.0
80,6.25,0.7421487603305785,0.06063782003293906,0.010879872236362729,0.01252682537305984,1.0,0.0,1.0
81,3.3333333333333335,0.5035714285714286,0.04792583280955374,0.004714016341923318,0.010370835952231301,1.0,0.0,1.0
82,0.0,0.7489597780859917,0.05063385533184191,0.00488441461595824,0.010328113348247576,1.0,1.0,1.0
83,3.0303030303030303,0.585278276481149,0.05585702915852688,0.003907097894508357,0.0057159395123363,0.0,0.0,1.0
84,0.0,0.6163793103448276,0.059260393538013934,0.004211009876732256,0.009800168440395069,0.0,1.0,1.0
85,0.0,0.46335078534031415,0.062170579779587926,0.005749880210828941,0.010541447053186392,0.0,1.0,1.0
86,11.76470588235294,0.7317784256559767,0.0400314657809632,0.006030941351280483,0.008128660082160651,1.0,0.0,1.0
87,0.0,0.6675461741424802,0.04488566858003199,0.006963395125623412,0.009409993413004612,1.0,1.0,0.0
88,0.0,0.6439169139465876,0.04953250222617987,0.0036731967943009797,0.012466607301869992,0.0,1.0,1.0
89,0.0,0.625560538116592,0.05252011859381618,0.002964845404489623,0.011181702668360865,1.0,1.0,1.0
90,13.333333333333334,0.5660919540229885,0.04359925788497217,0.005333951762523191,0.008928571428571428,0.0,0.0,1.0
91,0.0,0.6230677764565993,0.05910790841922831,0.0032381647359299463,0.008255039678920004,1.0,1.0,0.0
92,0.0,0.5023474178403756,0.07190466572409614,0.00444354675823066,0.005857402544940416,0.0,0.0,0.0
93,5.555555555555555,0.495114006514658,0.04318604318604319,0.007007007007007007,0.006721006721006721,1.0,0.0,1.0
94,33.33333333333333,0.7704280155642024,0.04168620463284254,0.006517865516271218,0.00515802307043046,0.0,0.0,1.0
95,13.333333333333334,0.5149501661129569,0.05010376519418915,0.003112955825674474,0.011414171360806405,1.0,0.0,0.0
96,9.090909090909092,0.5394736842105263,0.0470362590190885,0.002739976253539136,0.008402593844186684,1.0,0.0,1.0
97,0.0,0.612,0.056258576002439394,0.006098490623570666,0.011129745388016466,1.0,1.0,0.0
98,25.0,0.6888888888888889,0.06207004377736085,0.006253908692933083,0.007608922243068585,1.0,0.0,1.0
99,0.0,0.5032258064516129,0.057493188010899185,0.0027247956403269754,0.005449591280653951,0.0,0.0,1.0
100,0.0,0.6301369863013698,0.05424222797927461,0.005505181347150259,0.008905440414507772,0.0,1.0,1.0
101,7.6923076923076925,0.6731234866828087,0.06373445501097294,0.003566203365032919,0.008412582297000731,0.0,0.0,1.0
102,0.0,0.6072607260726073,0.05893488137304392,0.007950530035335688,0.009843513377082282,1.0,0.0,0.0
103,8.333333333333332,0.6524953789279113,0.047240994685388095,0.004396037005445837,0.01102289875992389,0.0,0.0,1.0
104,0.0,0.6166902404526167,0.031595406265164175,0.005445624629320106,0.008626732086051652,1.0,0.0,0.0
105,0.0,0.7197943444730077,0.04956468611577822,0.00435313884221781,0.007560714831220406,0.0,1.0,1.0
106,0.0,0.7111111111111111,0.06082373443277936,0.005100522803587367,0.008585880052705403,0.0,1.0,0.0
107,0.0,0.6092814371257484,0.048302800242064146,0.005391428728613082,0.01650437365901964,0.0,1.0,0.0
108,0.0,0.605,0.061326291079812204,0.003129890453834116,0.008900625978090767,0.0,0.0,0.0
109,0.0,0.6533864541832669,0.07131772009029345,0.00416196388261851,0.01163939051918736,0.0,1.0,1.0
110,5.555555555555555,0.544468546637744,0.06263858093126386,0.004249815225424981,0.008592017738359202,0.0,0.0,1.0
111,0.0,0.6974063400576369,0.04756380510440835,0.00705723124516628,0.009377416860015468,0.0,1.0,1.0
112,0.0,0.6289592760180995,0.05913686639071724,0.008990975096695393,0.01876229897536812,0.0,1.0,0.0
113,0.0,0.7907542579075426,0.05087707942261635,0.005307786911774225,0.009450449867305328,0.0,1.0,1.0
114,7.142857142857142,0.5608695652173913,0.04498567335243553,0.00792741165234002,0.011556829035339064,1.0,0.0,1.0
115,0.0,0.7373188405797102,0.05064141722663409,0.0064752596212583995,0.006414172266340868,0.0,1.0,1.0
116,0.0,0.6794171220400729,0.0517750463503399,0.009201400810272608,0.007484721554624734,1.0,0.0,0.0
117,12.5,0.6596194503171248,0.05335228973361269,0.006360371146363364,0.01556420233463035,1.0,0.0,1.0
118,6.666666666666667,0.5434782608695652,0.06312900274473925,0.006404391582799634,0.00869167429094236,0.0,0.0,1.0
119,0.0,0.6666666666666666,0.0518990073370738,0.00927924039706517,0.008847647820457489,1.0,0.0,1.0
120,6.25,0.5765765765765766,0.06197916666666667,0.003125,0.009375,1.0,0.0,1.0
121,0.0,0.7408536585365854,0.09358509234828497,0.006348944591029024,0.01888192612137203,1.0,1.0,0.0
122,0.0,0.6865384615384615,0.03933101835447523,0.006165402877188009,0.005244135780596698,1.0,1.0,0.0
123,0.0,0.5510204081632653,0.04560644780813839,0.0057990957342244935,0.007863180656575585,1.0,1.0,1.0
124,4.166666666666666,0.5647668393782384,0.05375661375661376,0.004514991181657848,0.01037037037037037,0.0,0.0,0.0
125,22.727272727272727,0.5740402193784278,0.05209172833174591,0.004176130119422668,0.01055022345959411,0.0,0.0,1.0
126,0.0,0.6148648648648649,0.05147124188816784,0.006311672148635435,0.009245266245888523,1.0,1.0,1.0
127,0.0,0.6499388004895961,0.04934886908841672,0.004295179346584419,0.01251999086132054,0.0,1.0,1.0
128,0.0,0.594679186228482,0.049747568033493415,0.004802364240857037,0.008250215490703115,0.0,1.0,1.0
129,0.0,0.5870646766169154,0.06552706552706553,0.007733007733007733,0.007529507529507529,0.0,1.0,1.0
130,9.090909090909092,0.6181384248210023,0.05973615756224452,0.005574136008918618,0.009011519881085098,1.0,0.0,1.0
131,6.666666666666667,0.5281899109792285,0.05929003021148036,0.00893756294058409,0.008559919436052367,0.0,0.0,1.0
132,12.5,0.6547085201793722,0.0490211073722851,0.002906087488528602,0.009024166411746712,0.0,0.0,1.0
133,7.6923076923076925,0.6385281385281385,0.04926183737474184,0.004054157423697698,0.011703511053315995,1.0,0.0,0.0
134,8.333333333333332,0.6078431372549019,0.05685869769187465,0.0046913116907487335,0.01688872208669544,0.0,0.0,1.0
135,0.0,0.7121212121212122,0.06849680170575694,0.003464818763326226,0.01199360341151386,0.0,1.0,1.0
136,5.88235294117647,0.6433333333333333,0.048173636844891475,0.003646844303276278,0.0075877889535909656,1.0,0.0,0.0
137,13.333333333333334,0.5477386934673367,0.05339700455828088,0.00379856739743868,0.005752116344692858,1.0,0.0,0.0
138,4.3478260869565215,0.5805168986083499,0.05161567057477838,0.004432370603374321,0.0087217615098656,1.0,0.0,1.0
139,0.0,0.5674846625766872,0.04885381435550545,0.002755856194413128,0.0080170362019291,0.0,1.0,1.0
140,0.0,0.5847750865051903,0.05405600984152254,0.0033287502713655113,0.011071712859107026,0.0,1.0,0.0
141,5.555555555555555,0.6112531969309463,0.04837721984078383,0.0076546233925290875,0.010614411104307001,1.0,0.0,0.0
142,0.0,0.631236442516269,0.04853703139286803,0.0021334958854007926,0.016001219140505944,1.0,1.0,1.0
143,7.6923076923076925,0.5488721804511278,0.050829767247677696,0.0062623943220958146,0.010019830915353304,1.0,0.0,0.0
144,0.0,0.5793357933579336,0.05411531378382207,0.003683241252302026,0.009774755631109222,1.0,1.0,0.0
145,0.0,0.525,0.050708553867167494,0.004609868533378863,0.008878265323544477,0.0,1.0,0.0
146,16.666666666666664,0.6257928118393234,0.05243234536082474,0.006926546391752577,0.010228737113402062,0.0,0.0,0.0
147,7.142857142857142,0.6279411764705882,0.04708118989040483,0.006038917468127935,0.0074368150301945875,1.0,0.0,1.0
148,0.0,0.695859872611465,0.05330003188436603,0.005951748326070783,0.00823679455840153,1.0,1.0,1.0
149,23.076923076923077,0.6456043956043956,0.049853064651553314,0.003988245172124265,0.0053526448362720405,0.0,0.0,1.0
150,0.0,0.6176470588235294,0.04812474794999328,0.00443608011829547,0.005108213469552359,1.0,0.0,0.0
151,7.6923076923076925,0.5303430079155673,0.04540203327171904,0.003927911275415897,0.006238447319778189,1.0,0.0,1.0
152,0.0,0.5625,0.05154728789986092,0.00791029207232267,0.010083449235048678,1.0,1.0,1.0
153,0.0,0.6657627118644068,0.045087992871463575,0.006616172867008242,0.007551793272443752,1.0,0.0,1.0
154,0.0,0.6294736842105263,0.051062243756988444,0.0032799105478941485,0.008945210585165859,1.0,1.0,1.0
155,15.384615384615385,0.6582633053221288,0.04802147544243388,0.00457347385166037,0.005965400676078743,1.0,0.0,1.0
156,8.333333333333332,0.5691056910569106,0.06211080951620629,0.008622066102506785,0.007664058757783809,0.0,0.0,1.0
157,0.0,0.7479508196721312,0.0464857067925518,0.007277734067663257,0.01835824809861002,0.0,0.0,1.0
158,10.0,0.6526946107784432,0.051667849538679915,0.0039034776437189495,0.006671398154719659,0.0,0.0,1.0
159,0.0,0.5295698924731183,0.05242265032107414,0.005253940455341506,0.004553415061295972,0.0,1.0,1.0
160,0.0,0.6490196078431373,0.05291607396870555,0.005049786628733997,0.005405405405405406,1.0,1.0,0.0
161,0.0,0.6893523600439078,0.04935934769947583,0.004331683168316832,0.006479324403028538,0.0,1.0,0.0
162,20.0,0.6963855421686747,0.05046683837733419,0.0029781068898905344,0.007244043786220219,0.0,0.0,1.0
163,0.0,0.6503067484662577,0.04343779087806392,0.0069293618781673385,0.007136208501396215,1.0,0.0,1.0
164,0.0,0.6151898734177215,0.05192441054091539,0.0054611650485436895,0.009968793342579751,0.0,0.0,0.0
165,0.0,0.7968503937007874,0.0543515316807091,0.0023864023766619587,0.003555252520333122,0.0,1.0,1.0
166,0.0,0.6163366336633663,0.06058363779309069,0.008971928039587476,0.01072931600610461,0.0,1.0,1.0
167,8.333333333333332,0.6294573643410852,0.05866743582347851,0.0043841938275165845,0.011248918373233344,1.0,0.0,1.0
168,23.076923076923077,0.6082004555808656,0.062033663022731216,0.003990976921742148,0.008068714211348256,0.0,0.0,1.0
169,6.666666666666667,0.5705521472392638,0.04932392210221958,0.003911897270176035,0.004932392210221958,1.0,0.0,1.0
170,5.88235294117647,0.72,0.059654631083202514,0.004513343799058085,0.007980115122972265,1.0,0.0,1.0
171,0.0,0.7018813314037626,0.04927549912682305,0.002123943927880304,0.009062160758955964,0.0,0.0,1.0
172,0.0,0.6,0.048027324689809005,0.004182350480970306,0.006691760769552488,0.0,0.0,0.0
173,13.333333333333334,0.6888331242158093,0.05294039793532448,0.004191114836546521,0.007279304716107116,0.0,0.0,1.0
174,0.0,0.7256410256410256,0.04855313285239524,0.004133906136013618,0.01037529383156359,1.0,1.0,0.0
175,13.333333333333334,0.4744525547445255,0.047876447876447875,0.003861003861003861,0.006177606177606178,1.0,0.0,1.0
176,11.76470588235294,0.7637614678899083,0.04867678322703614,0.006964298805072942,0.01715416758302177,1.0,0.0,1.0
177,0.0,0.6241457858769932,0.04646191431812233,0.010906552656836228,0.012651601081930024,1.0,1.0,0.0
178,0.0,0.6060606060606061,0.044654939106901215,0.0036729170693988013,0.005316064179393002,0.0,1.0,0.0
179,5.0,0.5613126079447323,0.04459551325628824,0.006050305914343984,0.008089734874235215,1.0,0.0,1.0
180,0.0,0.7486910994764397,0.0607890499194847,0.004589371980676328,0.00821256038647343,0.0,1.0,1.0
181,0.0,0.5728952772073922,0.04664287492737987,0.006888538467922649,0.014358038011453233,0.0,1.0,0.0
182,18.75,0.6338329764453962,0.04618398252090711,0.004821818729752129,0.006630000753409177,0.0,0.0,0.0
183,13.333333333333334,0.6017699115044248,0.05088228184674885,0.005922165820642978,0.011481750060430264,1.0,0.0,1.0
184,0.0,0.6290322580645161,0.07341719942256135,0.011342544854609197,0.009074035883687359,0.0,1.0,1.0
185,0.0,0.6986301369863014,0.05065856129685917,0.004660587639311043,0.006281661600810537,1.0,1.0,0.0
186,0.0,0.5870967741935483,0.05096011816838995,0.007385524372230428,0.009354997538158542,1.0,1.0,0.0
187,16.666666666666664,0.7170731707317073,0.05251324875541995,0.004576842781435683,0.0050586157057973345,0.0,0.0,1.0
188,18.51851851851852,0.6199324324324325,0.05452421134622874,0.0049331429313254575,0.006231338439568999,0.0,0.0,1.0
189,9.090909090909092,0.6047904191616766,0.04388185654008439,0.003978300180831827,0.00590717299578059,1.0,0.0,1.0
190,0.0,0.5032679738562091,0.05884049610614364,0.004038073262186328,0.008653014133256417,0.0,1.0,0.0
191,0.0,0.6516443361753959,0.04552429667519182,0.006975122064636131,0.0106951871657754,1.0,1.0,0.0
192,0.0,0.5714285714285714,0.05866595231717118,0.0071658183766407715,0.005089740155371015,1.0,1.0,0.0
193,0.0,0.621676891615542,0.0524257899776572,0.0033514203638684965,0.003830194701563996,1.0,0.0,1.0
194,0.0,0.6157635467980296,0.054949190816710576,0.005551373729770418,0.008656379375235227,1.0,1.0,1.0
195,0.0,0.7657512116316639,0.09135883905013192,0.008575197889182058,0.018469656992084433,0.0,1.0,0.0
196,0.0,0.6424682395644283,0.05072414496498266,0.00625552458013191,0.011015162847623581,1.0,1.0,1.0
197,0.0,0.5981941309255079,0.05455870297841334,0.006375808361417251,0.007286638127334002,1.0,1.0,1.0
198,3.3333333333333335,0.6388888888888888,0.04806242795069611,0.006118648576749135,0.006473352842067926,1.0,0.0,0.0
199,9.523809523809524,0.7525773195876289,0.05106445599921515,0.004954380457176493,0.005935445894241146,0.0,0.0,1.0
200,6.896551724137931,0.7561475409836066,0.05263157894736842,0.005482456140350877,0.00652123730378578,1.0,0.0,1.0
201,0.0,0.6008583690987125,0.05153818953323904,0.004066478076379066,0.007867751060820367,0.0,1.0,1.0
202,0.0,0.6866840731070496,0.05724896643542849,0.004134258286034615,0.008058300049050521,0.0,1.0,1.0
203,0.0,0.6456086286594761,0.04506193885668826,0.00431867257642914,0.00823957267871349,1.0,1.0,0.0
204,0.0,0.7226415094339622,0.04709860515669344,0.009600869512710586,0.005253305959785037,1.0,1.0,1.0
205,0.0,0.6209850107066381,0.05455274769354192,0.0032892097874047334,0.009546730846369835,0.0,1.0,1.0
206,0.0,0.6485148514851485,0.054026152787336544,0.004559532002752925,0.008516861665519614,0.0,1.0,1.0
207,0.0,0.7216748768472906,0.05457290767903365,0.007190106413574921,0.007765314926660914,1.0,1.0,1.0
208,14.285714285714285,0.5674157303370787,0.050867323019221755,0.004453820909517112,0.007735583684950774,1.0,0.0,1.0
209,6.25,0.6167800453514739,0.05215379138483446,0.003381986472054112,0.005873976504093984,1.0,0.0,1.0
210,0.0,0.5724907063197026,0.05245712638708748,0.0027381467070183023,0.010376134889753566,0.0,1.0,1.0
211,0.0,0.6065857885615251,0.058430490216131455,0.005658962296311448,0.012476989159337287,0.0,1.0,1.0
212,0.0,0.7003424657534246,0.05297200847552136,0.007193041150886584,0.008419761347161816,1.0,1.0,0.0
213,0.0,0.6611909650924025,0.05921787709497207,0.0046927374301675975,0.010502793296089385,0.0,1.0,1.0
214,22.727272727272727,0.5842696629213483,0.05323920876535039,0.0050739024928303554,0.008235899698507243,1.0,0.0,1.0
215,0.0,0.7165775401069518,0.047500397603774586,0.005725494354026401,0.009542490590044002,0.0,1.0,0.0
216,10.526315789473683,0.532258064516129,0.0619935170178282,0.009319286871961102,0.006888168557536467,0.0,0.0,1.0
217,6.25,0.6365979381443299,0.05164056674123788,0.005219985085756898,0.007736763609246831,1.0,0.0,1.0
218,0.0,0.6573556797020484,0.042266551026308184,0.0026019080659150044,0.009193408499566348,0.0,1.0,0.0
219,5.555555555555555,0.6655629139072847,0.049132947976878616,0.0065471275215288425,0.006193228736581338,1.0,0.0,1.0
220,22.22222222222222,0.5760869565217391,0.05603898364079359,0.006891750783153498,0.013087365123564218,1.0,0.0,0.0
221,0.0,0.6884779516358464,0.05478406108327368,0.005869720830350752,0.01092817943211644,0.0,1.0,0.0
222,11.76470588235294,0.7747524752475248,0.04441858873451509,0.004174936691533776,0.0075285743617822184,0.0,0.0,1.0
223,15.384615384615385,0.6532567049808429,0.05192909280500521,0.004657629475147723,0.010358011817865833,0.0,0.0,1.0
224,6.25,0.6191446028513238,0.041761878496572376,0.005358127807107399,0.006067291781577496,1.0,0.0,1.0
225,0.0,0.6138613861386139,0.05434840924942325,0.004023821020441011,0.008262245828638876,1.0,1.0,1.0
226,6.25,0.7763975155279503,0.054114003515526914,0.006235875115091655,0.009123629363020006,1.0,0.0,1.0
227,0.0,0.6666666666666666,0.04719201170260128,0.004642879857533549,0.009222158621128284,1.0,1.0,1.0
228,0.0,0.672,0.04708577246118605,0.006235683379994909,0.009162636803257827,1.0,1.0,1.0
229,0.0,0.5590778097982709,0.055074183976261126,0.005934718100890208,0.009376854599406528,0.0,0.0,0.0
230,7.6923076923076925,0.5336134453781513,0.05700356272267017,0.00562535158447403,0.008250515657228577,0.0,0.0,1.0
231,13.333333333333334,0.7419354838709677,0.04435405771838079,0.004503195816385822,0.007214797598295564,1.0,0.0,1.0
232,0.0,0.4749034749034749,0.05638297872340425,0.004609929078014184,0.010372340425531914,1.0,1.0,0.0
233,0.0,0.7224770642201835,0.05932674920016692,0.006537766031436918,0.01394491584365002,0.0,1.0,1.0
234,11.11111111111111,0.7409420289855072,0.04660966631041444,0.005759410996318727,0.011103194394964969,0.0,0.0,1.0
235,0.0,0.5778364116094987,0.055049801863553606,0.004605333618935418,0.007497054728499518,1.0,1.0,0.0
236,0.0,0.720164609053498,0.0414004914004914,0.0029484029484029483,0.004484029484029484,0.0,0.0,1.0
237,25.0,0.6573426573426573,0.04940233977619532,0.005722278738555442,0.008329094608341811,1.0,0.0,0.0
238,12.5,0.6646706586826348,0.04183595036784891,0.006258921708575821,0.009004062808828374,1.0,0.0,1.0
239,0.0,0.5616224648985959,0.04770967318545741,0.006037537734610842,0.007415671347945925,1.0,1.0,1.0
240,0.0,0.6036269430051814,0.035192884076186794,0.0047375036256405295,0.005607657352798994,0.0,1.0,0.0
241,7.142857142857142,0.7030651340996169,0.05380513814832768,0.005392632089190499,0.008482792050412021,0.0,0.0,1.0
242,5.88235294117647,0.5245398773006135,0.06038487060384871,0.0057067020570670205,0.011147976111479762,1.0,0.0,1.0
243,0.0,0.0,0.05457122608079376,0.006614694070399244,0.00881959209386566,1.0,1.0,0.0
244,16.666666666666664,0.6124721603563474,0.04145620890117221,0.010292576003049652,0.007242923853997904,1.0,0.0,1.0
245,0.0,0.580952380952381,0.04558706599522926,0.0063609859528226875,0.00596342433077127,0.0,1.0,0.0
246,0.0,0.5842293906810035,0.0498793242156074,0.008313220702601234,0.014481094127111826,1.0,1.0,1.0
247,0.0,0.7059961315280464,0.052934621099554234,0.003652798415056959,0.005386329866270431,1.0,1.0,0.0
248,4.545454545454546,0.6333333333333333,0.04828895215765087,0.004354379500921119,0.009434488918662423,0.0,0.0,1.0
249,0.0,0.7428571428571429,0.0460710944808232,0.006158403492360461,0.006937948238228874,1.0,1.0,1.0
250,0.0,0.6809045226130653,0.05375053579082726,0.005829404200600086,0.01191598799828547,1.0,1.0,1.0
251,0.0,0.5357142857142857,0.0567681822103356,0.005952894487102062,0.013372444137693038,0.0,1.0,0.0
252,6.666666666666667,0.6024096385542169,0.04537052596202319,0.01058645605780541,0.008738027222315578,0.0,0.0,1.0
253,0.0,0.6509090909090909,0.05245460659045057,0.007531943510423672,0.01304640215198386,0.0,1.0,0.0
254,0.0,0.720682302771855,0.05461665292662819,0.004122011541632316,0.00989282769991756,0.0,1.0,0.0
255,0.0,0.6183745583038869,0.04652628924473585,0.005610893960408523,0.012041356701550876,1.0,1.0,0.0
256,0.0,0.6347438752783965,0.03889830508474576,0.005508474576271186,0.009915254237288135,1.0,1.0,0.0
257,0.0,0.6694386694386695,0.050033454761727755,0.005129730131588729,0.006467920600698833,1.0,1.0,0.0
258,17.647058823529413,0.6018376722817764,0.05713930811750823,0.00689398174026458,0.007328737345506491,0.0,0.0,1.0
259,0.0,0.5230566534914362,0.05270389096504726,0.004671356342053199,0.012530226423389756,1.0,0.0,0.0
260,0.0,0.7296511627906976,0.055347871235721706,0.006905503634475597,0.010643821391484943,0.0,1.0,1.0
261,0.0,0.6723716381418093,0.041688244432936304,0.005006041774555498,0.006732263076126359,1.0,1.0,1.0
262,0.0,0.5707547169811321,0.0630744278248333,0.004865741575058569,0.010632546404757614,0.0,1.0,1.0
263,3.571428571428571,0.5154639175257731,0.06813839949055402,0.006155805561451921,0.010613457864572278,0.0,0.0,0.0
264,0.0,0.5193370165745856,0.05768123097177651,0.0036205052250473132,0.014564305109849419,1.0,1.0,1.0
265,0.0,0.6494565217391305,0.05959855892949048,0.00977869274318065,0.00761708697889861,1.0,1.0,1.0
266,13.333333333333334,0.6470588235294118,0.055751971716072886,0.005711177590426979,0.011331701568307498,0.0,0.0,1.0
267,5.263157894736842,0.6348448687350835,0.04604869713797522,0.0046134130713370355,0.024604869713797523,1.0,0.0,1.0
268,0.0,0.6039215686274509,0.04288334038651432,0.004231908590774439,0.00860488080124136,1.0,0.0,1.0
269,12.5,0.48089171974522293,0.046583850931677016,0.005453719133464627,0.011589153158612331,0.0,0.0,1.0
270,0.0,0.4910394265232975,0.04933179343342683,0.0028048176868503546,0.008249463784853984,0.0,1.0,1.0
271,5.263157894736842,0.6012145748987854,0.048170634286627254,0.0039143633168237735,0.00822815146189487,0.0,0.0,0.0
272,0.0,0.5696517412935324,0.06573725450290017,0.006410908720871069,0.007835555103286863,1.0,1.0,1.0
273,0.0,0.6291208791208791,0.04610951008645533,0.006484149855907781,0.007307533964594483,1.0,1.0,0.0
274,13.333333333333334,0.5364583333333334,0.0550098231827112,0.005893909626719057,0.007421960270683257,1.0,0.0,1.0
275,23.52941176470588,0.5303430079155673,0.04891846921797005,0.005324459234608985,0.007875762617859123,1.0,0.0,1.0
276,0.0,0.5447470817120622,0.05826645264847512,0.0040128410914927765,0.013804173354735152,0.0,0.0,1.0
277,0.0,0.5350194552529183,0.048348139353993534,0.004298522127154378,0.008678920866254554,1.0,1.0,0.0
278,0.0,0.7443609022556391,0.05042192621521724,0.003417253643908222,0.006834507287816444,0.0,1.0,1.0
279,20.0,0.670863309352518,0.04237732878509577,0.003279979008134348,0.009643138283914983,1.0,0.0,1.0
280,0.0,0.7,0.04986750180679354,0.004256002569661929,0.0065847586926844935,1.0,1.0,1.0
281,14.705882352941178,0.6862745098039216,0.050921930168693605,0.0043938799529227145,0.010513927030207924,1.0,0.0,1.0
282,0.0,0.6564673157162726,0.05276885100833683,0.004191700433142378,0.00964091099622747,1.0,1.0,1.0
283,4.545454545454546,0.6560077519379846,0.05834794118699245,0.0067613494079347474,0.01645619432619039,0.0,0.0,1.0
284,0.0,0.7197452229299363,0.05284343069460213,0.0030962947672618433,0.004954071627618949,0.0,0.0,1.0
285,0.0,0.6711409395973155,0.05515257628814407,0.0050025012506253125,0.008254127063531767,0.0,1.0,1.0
286,0.0,0.5761589403973509,0.051885941165854536,0.00568489442338928,0.006587258617578054,1.0,1.0,1.0
287,7.142857142857142,0.6842105263157895,0.06140350877192982,0.007981018119068163,0.007765314926660914,1.0,0.0,1.0
288,0.0,0.6292134831460674,0.061839956450734895,0.003864997278170931,0.0110506260206859,0.0,1.0,0.0
289,0.0,0.7253886010362695,0.03191896024464832,0.005925076452599388,0.007262996941896025,1.0,0.0,0.0
290,9.090909090909092,0.6045714285714285,0.05563030006523157,0.005789302022178734,0.019243313763861708,0.0,0.0,1.0
291,0.0,0.7509433962264151,0.05541416011105969,0.007018355699521826,0.008637976245565325,0.0,1.0,0.0
292,8.333333333333332,0.6392572944297082,0.04583666933546837,0.0040032025620496394,0.008807045636509208,0.0,0.0,1.0
293,0.0,0.7148846960167715,0.046273546273546275,0.004982254982254982,0.008394758394758395,0.0,1.0,0.0
294,0.0,0.625,0.052968568102444706,0.005355064027939465,0.00710128055878929,0.0,1.0,1.0
295,0.0,0.6982758620689655,0.05580812039504625,0.0034488164289073523,0.0065841040915503996,1.0,1.0,0.0
296,0.0,0.6282722513089005,0.055612244897959184,0.006326530612244898,0.008061224489795918,1.0,1.0,0.0
297,0.0,0.5502008032128514,0.05807650611739198,0.006194827319188478,0.008982499612823292,0.0,1.0,1.0
298,18.75,0.6073717948717948,0.047407019381875325,0.0037977998952331065,0.0072682032477737035,0.0,0.0,1.0
299,0.0,0.7021276595744681,0.058974558468839956,0.006146424959153505,0.006224227806737727,1.0,1.0,1.0
300,5.88235294117647,0.5844155844155844,0.04272678475577026,0.003972088030059044,0.003757380568974772,1.0,0.0,1.0
301,0.0,0.6,0.05742280961604193,0.007861456078386692,0.007861456078386692,0.0,1.0,0.0
302,40.0,0.6056338028169014,0.045177736864466786,0.002974082991077751,0.007789264976632205,1.0,0.0,1.0
303,0.0,0.674863387978142,0.05368289637952559,0.00355325074426198,0.011524056467876692,0.0,0.0,1.0
304,0.0,0.6966292134831461,0.04922279792746114,0.005534620819594913,0.006241168158266604,1.0,1.0,0.0
305,13.793103448275861,0.5704845814977973,0.046800136892539354,0.005903490759753593,0.009240246406570842,1.0,0.0,1.0
306,9.090909090909092,0.6324435318275154,0.05559040301082013,0.006821389368041399,0.011604202603104909,1.0,0.0,1.0
307,0.0,0.532967032967033,0.048863460646358436,0.009200556672336477,0.01399412401422607,1.0,1.0,1.0
308,14.285714285714285,0.6513157894736842,0.051767465237058136,0.005361031998659742,0.011140894622214776,1.0,0.0,1.0
309,6.666666666666667,0.5054945054945055,0.05685422295313051,0.003993891695054623,0.008927522612475038,0.0,0.0,1.0
310,0.0,0.726998491704374,0.05908138911889338,0.00969265988018119,0.007111197701037455,0.0,1.0,1.0
311,13.043478260869565,0.6274900398406374,0.044753086419753084,0.0031565656565656565,0.005611672278338945,0.0,0.0,1.0
312,15.0,0.6497975708502024,0.0580754245387047,0.002352422259795633,0.006542674410056605,1.0,0.0,0.0
313,0.0,0.6196473551637279,0.057068482178614335,0.0045054064877853425,0.008109731678013616,0.0,1.0,1.0
314,16.666666666666664,0.6177105831533477,0.045482645941888195,0.0024728428861609114,0.011127792987724101,1.0,0.0,1.0
315,0.0,0.6289978678038379,0.04598329299711141,0.004528066203450699,0.009368412834725583,1.0,0.0,1.0
316,0.0,0.6435185185185185,0.043640403078632074,0.006903118305165437,0.00983892723954614,0.0,1.0,0.0
317,0.0,0.6519174041297935,0.054368712557929244,0.006329829320673675,0.017633095964733808,0.0,1.0,1.0
318,0.0,0.6252821670428894,0.04751131221719457,0.0060911938739993034,0.010355029585798817,1.0,1.0,1.0
319,7.142857142857142,0.5145631067961165,0.045118467484456394,0.005713325491514031,0.010166358595194085,1.0,0.0,1.0
320,0.0,0.5759637188208617,0.05555555555555555,0.004531448250860975,0.0074315751314119995,0.0,1.0,1.0
321,0.0,0.5797665369649806,0.061542034370645614,0.005341384115188109,0.006967022758941012,0.0,1.0,0.0
322,100.0,0.6392961876832844,0.055722568176937944,0.00590508911316298,0.01277646553575263,0.0,0.0,0.0
323,0.0,0.5170454545454546,0.04986149584487535,0.004414819944598338,0.006578947368421052,0.0,1.0,1.0
324,0.0,0.5491071428571429,0.061011040092969204,0.0036800309897346505,0.0065853186132093745,0.0,1.0,1.0
325,0.0,0.6297968397291196,0.05686462046778541,0.0045213459699156595,0.00852099817407182,0.0,1.0,1.0
326,4.761904761904762,0.48517520215633425,0.05432158377595365,0.006760019314340898,0.008087880251086432,1.0,0.0,1.0
327,11.11111111111111,0.8015665796344648,0.03497751445499322,0.004782639731601114,0.00656720679563138,1.0,0.0,1.0
328,0.0,0.5867768595041323,0.047033759423139955,0.009587020648967551,0.012700753851196329,1.0,1.0,1.0
329,7.6923076923076925,0.4842105263157895,0.051320009869232665,0.005057981741919566,0.006291635825314582,1.0,0.0,0.0
330,0.0,0.550531914893617,0.07047996272134203,0.004659832246039142,0.007455731593662628,0.0,1.0,1.0
331,7.6923076923076925,0.5695238095238095,0.04998811692941456,0.003089598352214212,0.008001267527529114,1.0,0.0,1.0
332,4.761904761904762,0.5924855491329479,0.04573506722503857,0.002975534494159136,0.0057306590257879654,1.0,0.0,1.0
333,0.0,0.65625,0.06335668595796527,0.006193522184993401,0.008731850949334957,1.0,1.0,1.0
334,0.0,0.5817757009345794,0.05647695530726257,0.004800977653631285,0.006546787709497207,1.0,0.0,1.0
335,15.384615384615385,0.6682464454976303,0.04444598530023575,0.00422964914713632,0.010054084038274859,0.0,0.0,1.0
336,0.0,0.554,0.04838990426457789,0.0053089643167972145,0.013141862489120975,0.0,1.0,0.0
337,3.4482758620689653,0.6227758007117438,0.057768083309878974,0.008373205741626795,0.0053475935828877,1.0,0.0,1.0
338,0.0,0.7363112391930836,0.04112188080016498,0.004578263559496804,0.008785316560115488,0.0,1.0,0.0
339,6.666666666666667,0.6780715396578538,0.04502784407319013,0.0037125430920180325,0.005727923627684964,0.0,0.0,1.0
340,0.0,0.6765188834154351,0.04658122071029304,0.006323753599457964,0.011631189656145898,1.0,1.0,1.0
341,0.0,0.7317073170731707,0.052242054854157595,0.004527644754026992,0.012015672616456247,1.0,1.0,0.0
342,0.0,0.5451388888888888,0.05635134152548535,0.0034174361957391114,0.003853704646258998,1.0,0.0,1.0
343,2.7777777777777777,0.6,0.04514279864878698,0.002968574060804586,0.004606408025386427,1.0,0.0,1.0
344,12.5,0.662379421221865,0.040693439518282915,0.004661778274170835,0.007381148934103822,1.0,0.0,0.0
345,0.0,0.7370030581039755,0.050496773532725595,0.006555362081327461,0.005428659223599304,0.0,1.0,0.0
346,16.0,0.6978723404255319,0.04403695214280753,0.004445370563311801,0.007779398485795652,1.0,0.0,1.0
347,0.0,0.5247524752475248,0.06655405405405405,0.006587837837837838,0.00920608108108108,1.0,1.0,0.0
348,0.0,0.6799276672694394,0.06618575293056808,0.008295761947700632,0.007694619777577397,0.0,1.0,0.0
349,0.0,0.6675257731958762,0.05358920974020096,0.004707160315017652,0.009052231375033946,0.0,1.0,0.0
350,0.0,0.7844311377245509,0.05007766387076732,0.007455731593662628,0.006150978564771668,1.0,1.0,0.0
351,0.0,0.5836177474402731,0.0574215855766856,0.005680414917263522,0.0071622622869844405,0.0,1.0,1.0
352,0.0,0.6141868512110726,0.0472311588746663,0.004107057293449244,0.012526524745020194,1.0,0.0,1.0
353,0.0,0.5617021276595745,0.050052872752908,0.004758547761720127,0.01163200563976031,0.0,1.0,0.0
354,7.6923076923076925,0.6253776435045317,0.06937966417910447,0.008861940298507462,0.010727611940298507,0.0,0.0,1.0
355,0.0,0.583710407239819,0.05807120636017975,0.008814379536812997,0.005876253024541998,0.0,1.0,0.0
356,0.0,0.6781914893617021,0.06028092079594226,0.0055598907530238,0.010632071790870074,0.0,1.0,0.0
357,6.666666666666667,0.526829268292683,0.05675033025099075,0.0043857331571994715,0.009564068692206077,1.0,0.0,1.0
358,0.0,0.7070063694267515,0.04592457420924574,0.00836374695863747,0.007147201946472019,1.0,1.0,0.0
359,16.666666666666664,0.6270627062706271,0.06109344803939904,0.0046755189826070695,0.01009912100243127,1.0,0.0,0.0
360,0.0,0.65875,0.05841790268019776,0.004206782895307485,0.01249024199843872,1.0,1.0,0.0
361,0.0,0.6931818181818182,0.06212149018168471,0.006056157093044595,0.01202055423013397,1.0,1.0,1.0
362,0.0,0.5079365079365079,0.05987572961777443,0.004518922990020712,0.008849557522123894,0.0,1.0,1.0
363,0.0,0.6345454545454545,0.049071093794115984,0.004856287763284206,0.005985657010559603,1.0,1.0,1.0
364,0.0,0.6372881355932203,0.053296768808870874,0.005484678669369262,0.015023250268272326,0.0,1.0,1.0
365,0.0,0.5130023640661938,0.0465553235908142,0.005741127348643006,0.009603340292275574,1.0,1.0,1.0
366,0.0,0.6188870151770658,0.05489937314417684,0.005872649290663148,0.010095677994061365,1.0,1.0,1.0
367,0.0,0.5878003696857671,0.04321080270067517,0.006826706676669167,0.0086271567891973,0.0,0.0,0.0
368,0.0,0.6646706586826348,0.05138172308997102,0.0071383136617428795,0.005654109831083469,0.0,1.0,1.0
369,6.666666666666667,0.6666666666666666,0.04942339373970346,0.008237232289950576,0.010756856284523695,1.0,0.0,1.0
370,29.72972972972973,0.6569506726457399,0.05593048759912266,0.004471064619537709,0.007508014172431247,1.0,0.0,1.0
371,13.333333333333334,0.56957928802589,0.06871743984123047,0.0038451997023071197,0.010915405606549243,1.0,0.0,1.0
372,30.0,0.7053571428571429,0.05095620756244939,0.004360555659378309,0.006727714445897963,0.0,0.0,1.0
373,0.0,0.6699029126213593,0.06433368681512902,0.00335807705903146,0.010781194768469424,0.0,0.0,1.0
374,0.0,0.6210526315789474,0.06328140026928256,0.01250240430852087,0.0051933064050779,0.0,1.0,1.0
375,2.941176470588235,0.5418326693227091,0.044262853251617294,0.005107252298263534,0.004766768811712632,1.0,0.0,0.0
376,0.0,0.7962962962962963,0.0614953852535518,0.004822150782951363,0.015347920771544125,0.0,1.0,1.0
377,0.0,0.6825053995680346,0.060700389105058365,0.003035019455252918,0.010428015564202335,1.0,1.0,1.0
378,0.0,0.6934306569343066,0.049784625579854205,0.0044731610337972166,0.011100066269052352,1.0,1.0,1.0
379,6.25,0.6164079822616408,0.047045066114959073,0.003867949986507151,0.01709094180084555,0.0,0.0,1.0
380,0.0,0.6434359805510534,0.04827910869337797,0.005387592844439795,0.017208913066220317,1.0,1.0,1.0
381,16.666666666666664,0.621342512908778,0.058447610171748106,0.005125815470643057,0.007256024497403808,0.0,0.0,1.0
382,13.333333333333334,0.6413255360623782,0.0445046439628483,0.00380546955624355,0.00980392156862745,1.0,0.0,1.0
383,0.0,0.7044410413476263,0.05235212385867408,0.0055577610162763,0.01002381897578404,0.0,1.0,0.0
384,5.555555555555555,0.711340206185567,0.05075006048874909,0.006169852407452214,0.009073312363900314,0.0,0.0,1.0
385,10.526315789473683,0.6817288801571709,0.04289633942314127,0.004349862812019005,0.010975038479555645,1.0,0.0,0.0
386,16.666666666666664,0.670487106017192,0.06320858834152704,0.006120196648941507,0.008929467241898264,1.0,0.0,1.0
387,0.0,0.5625,0.06443785386896737,0.005122674575357239,0.007144782960366676,0.0,1.0,1.0
388,79.3103448275862,0.5460992907801419,0.049827850038255544,0.0031560826319816373,0.0065990818668706965,0.0,0.0,1.0
389,0.0,0.6891025641025641,0.05191550304332259,0.0048931853443131635,0.004177109440267335,1.0,1.0,1.0
390,10.526315789473683,0.6240963855421687,0.051343136449519426,0.003614556806046168,0.007475560667050029,0.0,0.0,1.0
391,0.0,0.5311827956989247,0.052145274906229985,0.004482663983167139,0.01235019668831763,0.0,1.0,0.0
392,0.0,0.6131386861313869,0.044906900328587074,0.006024096385542169,0.00547645125958379,0.0,1.0,1.0
393,0.0,0.5807692307692308,0.05879882402351953,0.00629987400251995,0.007839843203135938,0.0,1.0,0.0
394,7.142857142857142,0.7021857923497268,0.04617943449760297,0.004696213677722336,0.0021524312689560707,1.0,0.0,1.0
395,23.076923076923077,0.6098807495741057,0.055185959576759806,0.003167965532535006,0.007286320724830514,0.0,0.0,1.0
396,10.81081081081081,0.6192893401015228,0.047153198982586575,0.005087067110154568,0.007434944237918215,1.0,0.0,1.0
397,0.0,0.5787728026533997,0.0633315593400745,0.008781266631186802,0.012174028738690792,0.0,1.0,1.0
398,9.523809523809524,0.7415865384615384,0.05448523912966063,0.006588084469926285,0.015918236530038102,0.0,0.0,1.0
399,0.0,0.7230320699708455,0.044966699189750985,0.006702583464132694,0.014253595214864464,1.0,1.0,1.0
400,12.5,0.6495263870094723,0.06200953252130374,0.004910692792836166,0.005921717779596553,1.0,0.0,1.0
401,10.0,0.6521739130434783,0.0615625980545968,0.00671477878882962,0.012362723564480703,1.0,0.0,1.0
402,71.42857142857143,0.6690997566909975,0.06679730765953822,0.005623242736644799,0.011331686120814519,0.0,0.0,0.0
403,0.0,0.6144366197183099,0.05889811703544031,0.006403347492550561,0.00786153553540861,0.0,1.0,1.0
404,0.0,0.6148409893992933,0.055994641661085066,0.004554588077695914,0.011118553248492967,0.0,1.0,1.0
405,15.789473684210526,0.5964125560538116,0.06324559742473017,0.005112668055292559,0.007100927854572997,1.0,0.0,1.0
406,0.0,0.5908045977011495,0.054731832326560495,0.007321984257733846,0.012264323631704191,1.0,1.0,1.0
407,15.384615384615385,0.6326530612244898,0.05730703525392142,0.004037894082932133,0.009939431588756018,0.0,0.0,1.0
408,27.27272727272727,0.6073298429319371,0.04748462546627684,0.004536747656013711,0.009980844843230164,0.0,0.0,1.0
409,0.0,0.5558659217877095,0.04378244188670729,0.005754908598510494,0.006431956668923494,0.0,1.0,1.0
410,2.3255813953488373,0.636568848758465,0.0563368204424627,0.009689590121762992,0.011233064654433201,1.0,0.0,1.0
411,0.0,0.7127991675338189,0.0478489611081513,0.00616009589770911,0.0226092168353756,0.0,1.0,0.0
412,0.0,0.6189801699716714,0.047578813962084805,0.001953846966256535,0.00823784126313566,0.0,1.0,0.0
413,0.0,0.6597938144329897,0.044424620874219445,0.0046387154326494205,0.008920606601248885,0.0,1.0,1.0
414,20.0,0.6351118760757315,0.047873728150273936,0.005804852595877903,0.007826767545003914,0.0,0.0,1.0
415,0.0,0.6943907156673114,0.054357366771159876,0.004576802507836991,0.011786833855799372,0.0,0.0,1.0
416,0.0,0.6866028708133971,0.054715562609639966,0.005012112605463203,0.011694929412747473,0.0,1.0,1.0
417,0.0,0.5829383886255924,0.04303554274735831,0.0038424591738712775,0.007492795389048991,0.0,1.0,1.0
418,0.0,0.6013513513513513,0.04063735177865613,0.002717391304347826,0.006422924901185771,0.0,1.0,0.0
419,0.0,0.6624087591240876,0.04853940029819427,0.004859462145894306,0.010271135899276604,0.0,0.0,1.0
420,0.0,0.7018072289156626,0.047554771051811856,0.0041532551136953585,0.006749039559754958,0.0,1.0,0.0
421,0.0,0.5965250965250966,0.05858439201451906,0.007767695099818512,0.008421052631578947,0.0,1.0,0.0
422,0.0,0.5546995377503852,0.04950495049504951,0.005770515701876936,0.01190548502703031,1.0,1.0,0.0
423,0.0,0.6080402010050251,0.057430209606165995,0.00498167120970016,0.007613497509164395,0.0,1.0,1.0
424,0.0,0.7606635071090048,0.052797955340328225,0.003161151466236212,0.005111649179445789,1.0,1.0,1.0
425,20.689655172413794,0.6085790884718498,0.06107244387805117,0.005489657876678757,0.0073522203705519065,0.0,0.0,1.0
426,0.0,0.6090225563909775,0.060842869104102706,0.007954228300307006,0.008233324030142338,0.0,1.0,1.0
427,0.0,0.7412587412587412,0.05562273276904474,0.0058444175735590485,0.012494961708988311,0.0,1.0,1.0
428,7.142857142857142,0.7112860892388452,0.044008001454809965,0.00563738861611202,0.009819967266775777,0.0,0.0,1.0
429,0.0,0.6897133220910624,0.05239864495683532,0.004207190470986778,0.00639274396240848,1.0,1.0,1.0
430,0.0,0.7150537634408602,0.05962877030162413,0.004292343387470998,0.009222737819025523,1.0,1.0,0.0
431,0.0,0.6260162601626016,0.05556372188740261,0.006320740849625165,0.006761722769366456,0.0,0.0,1.0
432,0.0,0.6219512195121951,0.053558676505593907,0.007379195429659605,0.005117829088312306,0.0,1.0,0.0
433,5.555555555555555,0.6416083916083916,0.045872179435211456,0.0059451425483042835,0.009323064450749898,1.0,0.0,1.0
434,0.0,0.6354992076069731,0.059711247103558907,0.005882003446022221,0.010159824134038382,0.0,1.0,0.0
435,100.0,0.6795918367346939,0.0537508249615018,0.005499743345310552,0.005866392901664589,0.0,0.0,1.0
436,0.0,0.6100456621004566,0.055666949872557346,0.00356839422259983,0.014783347493627868,0.0,1.0,0.0
437,7.6923076923076925,0.6724137931034483,0.05030367045154476,0.005347240559809876,0.009308159493002377,0.0,0.0,1.0
438,16.666666666666664,0.7099391480730223,0.05083659665361338,0.0034887860448558207,0.006265574937700249,1.0,0.0,0.0
439,0.0,0.75,0.04924896982586734,0.007776153130400107,0.008307855908547122,1.0,1.0,1.0
440,6.666666666666667,0.5904,0.0327258726899384,0.005069301848049281,0.007058521560574948,0.0,0.0,1.0
441,0.0,0.7297297297297297,0.048259277477182054,0.004700224080450347,0.009619063234410013,0.0,1.0,1.0
442,15.0,0.5569334836527621,0.05024113873671396,0.004167251954862575,0.008568619188088215,1.0,0.0,1.0
443,0.0,0.5549132947976878,0.05333333333333334,0.0037426900584795323,0.008966861598440545,1.0,1.0,1.0
444,0.0,0.7381818181818182,0.039202433254477864,0.005857834854117382,0.013292779092035597,1.0,1.0,1.0
445,0.0,0.584493041749503,0.05124068525773988,0.004225243911807636,0.009526004455711761,0.0,1.0,1.0
446,0.0,0.6530612244897959,0.04219516319972941,0.005665482834432606,0.008117706747843734,1.0,1.0,1.0
447,0.0,0.5714285714285714,0.058172879967226546,0.0030725112658746417,0.0061450225317492835,0.0,1.0,0.0
448,0.0,0.5174013921113689,0.048856145792943,0.003780535091120589,0.011729352462194649,0.0,1.0,0.0
449,0.0,0.6521739130434783,0.04833863556026865,0.005125486037469071,0.009013785790031814,1.0,1.0,1.0
450,6.25,0.43991416309012876,0.041933842239185753,0.004987277353689567,0.008651399491094147,1.0,0.0,1.0
451,0.0,0.5835694050991501,0.057729941291585124,0.006414437921287236,0.011959121548162643,0.0,1.0,1.0
452,0.0,0.5704697986577181,0.050905843327379435,0.005996427660117377,0.009186016841030875,0.0,0.0,1.0
453,0.0,0.6443594646271511,0.05713652154630793,0.00724369872126543,0.013452583339492941,0.0,1.0,0.0
454,11.76470588235294,0.6197604790419161,0.05258148941232453,0.006661908160837497,0.009754936949797764,1.0,0.0,1.0
455,75.63117453347971,0.6260162601626016,0.03539649946220788,0.003911215410188716,0.0065512858120661,1.0,0.0,1.0
456,14.285714285714285,0.6160220994475138,0.049492002816618044,0.0058344230962679815,0.007846293129463836,1.0,0.0,1.0
457,0.0,0.6815789473684211,0.043664996420901936,0.004831782390837509,0.00733715103793844,0.0,0.0,1.0
458,0.0,0.5850144092219021,0.06057642524305356,0.005637691997929011,0.008456537996893517,1.0,0.0,0.0
459,43.18181818181818,0.6244635193133047,0.04512135526958788,0.003827985013845903,0.006189933213878482,0.0,0.0,0.0
460,11.76470588235294,0.6732673267326733,0.05719380057605267,0.005623371279659855,0.007886435331230283,1.0,0.0,1.0
461,0.0,0.5690140845070423,0.06080535364024461,0.004038306218991578,0.009922695280950732,0.0,1.0,1.0
462,0.0,0.6474164133738601,0.04661921708185053,0.004033214709371293,0.009727164887307236,0.0,0.0,0.0
463,0.0,0.6139359698681732,0.05447026949950093,0.00520461999144446,0.009696278340225297,0.0,1.0,1.0
464,0.0,0.0,0.06320113762047717,0.005293095275714963,0.01271922894612103,1.0,1.0,0.0
465,0.0,0.3954802259887006,0.05136044023234485,0.005197187404463467,0.007031488841332926,0.0,0.0,1.0
466,7.142857142857142,0.5399449035812672,0.04436860068259386,0.007710782454809759,0.009606876501074453,0.0,0.0,1.0
467,11.11111111111111,0.7281947261663286,0.05546470427909512,0.008517307168165712,0.006336876533115291,1.0,0.0,1.0
468,6.25,0.6952054794520548,0.05868205868205868,0.00481000481000481,0.016474266474266475,0.0,0.0,1.0
469,0.0,0.7178329571106095,0.0540115364446775,0.005468574425050565,0.008539965540489924,1.0,0.0,1.0
470,0.0,0.7179962894248608,0.04583359070974118,0.003644449935141145,0.009883254061399716,1.0,1.0,0.0
471,0.0,0.7383820998278829,0.050308764375956036,0.006911789700300266,0.007251713783921591,1.0,0.0,0.0
472,0.0,0.7105831533477321,0.04387135022973173,0.006817844968133985,0.01511783014673188,1.0,1.0,0.0
473,0.0,0.5405759162303665,0.05030976287118137,0.003952146977141637,0.007370220038453322,0.0,0.0,1.0
474,11.76470588235294,0.6691871455576559,0.04793476098919313,0.005966982695750182,0.012199164622422595,0.0,0.0,1.0
475,7.6923076923076925,0.6080760095011877,0.04283071230342276,0.004902867715078631,0.01452358926919519,0.0,0.0,1.0
476,0.0,0.5910852713178295,0.0658982331083643,0.006445742018654736,0.010389019488890573,0.0,1.0,1.0
477,0.0,0.4,0.04877286227919337,0.004377051743004534,0.009692043145224325,0.0,0.0,1.0
478,0.0,0.6508120649651972,0.039718676315147576,0.0040653711683876735,0.0071143995446784295,1.0,1.0,1.0
479,0.0,0.6683046683046683,0.05564545127651924,0.004764473211075153,0.008809780654440848,0.0,1.0,1.0
480,0.0,0.6,0.04974242040368212,0.004898234946372772,0.010134279199391943,1.0,1.0,0.0
481,9.090909090909092,0.6081871345029239,0.03992921137042363,0.0030970025439663756,0.00641521955535892,0.0,0.0,1.0
482,7.142857142857142,0.6425,0.05124555160142349,0.004181494661921708,0.006850533807829182,1.0,0.0,0.0
483,14.285714285714285,0.5786963434022258,0.05652665995975855,0.006539235412474849,0.008739939637826962,0.0,0.0,1.0
484,0.0,0.672514619883041,0.0625971743392145,0.005137565064557561,0.008990738862975732,1.0,1.0,1.0
485,0.0,0.665938864628821,0.054508693894055806,0.008491710473109584,0.009381318236959158,1.0,1.0,1.0
486,0.0,0.6460674157303371,0.04665970772442589,0.0042797494780793316,0.013361169102296452,0.0,1.0,1.0
487,0.0,0.6501547987616099,0.04258923169993951,0.004597701149425287,0.005928614640048397,0.0,1.0,0.0
488,0.0,0.6029874213836478,0.055800508073699885,0.008263497532630596,0.01576780447922446,0.0,1.0,0.0
489,0.0,0.614963503649635,0.052714061832169826,0.007622168400056988,0.006553640119675168,1.0,1.0,1.0
490,0.0,0.6954545454545454,0.059597961494903734,0.006370328425821065,0.006795016987542469,0.0,1.0,1.0
491,0.0,0.5865168539325842,0.048805898381150827,0.005770155473633595,0.011059464657797724,0.0,0.0,0.0
492,0.0,0.6534653465346535,0.05492210431248589,0.0048543689320388345,0.00626552269135245,1.0,1.0,1.0
493,0.0,0.6187845303867403,0.045445240532241554,0.004503582395087001,0.00736949846468782,1.0,1.0,0.0
494,4.166666666666666,0.6519480519480519,0.04743202416918429,0.003323262839879154,0.006445115810674723,1.0,0.0,0.0
495,0.0,0.7482517482517482,0.054569600386333454,0.005795001810938066,0.010503440782325244,1.0,1.0,0.0
496,12.5,0.5953079178885631,0.05020192606399503,0.004659832246039142,0.007517862690276484,1.0,0.0,1.0
497,11.76470588235294,0.6896551724137931,0.045949214026602174,0.005441354292623942,0.006218690620141648,1.0,0.0,1.0
498,25.806451612903224,0.6104513064133017,0.05087396504139834,0.003495860165593376,0.005887764489420423,0.0,0.0,0.0
499,7.142857142857142,0.6657458563535912,0.05284753806604706,0.0058829345461736205,0.018686968558433853,1.0,0.0,1.0
500,0.0,0.6549912434325744,0.04698623635500712,0.006585192216421452,0.01210251542477456,1.0,1.0,0.0
501,0.0,0.6823899371069182,0.036557539682539685,0.004861111111111111,0.005952380952380952,1.0,1.0,0.0
502,0.0,0.6515373352855052,0.05874485046278958,0.006366700551067359,0.009576801669252582,1.0,1.0,1.0
503,0.0,0.5668449197860963,0.0487778958554729,0.0038257173219978747,0.00818278427205101,0.0,1.0,1.0
504,10.0,0.6570796460176991,0.05512893056341444,0.0029908657343787892,0.007679249858540134,1.0,0.0,1.0
505,0.0,0.7313797313797313,0.047260852016291786,0.004329798554287601,0.007412028033610979,1.0,1.0,1.0
506,13.333333333333334,0.5574614065180102,0.05398548171118472,0.005779124674043273,0.01705546550144478,0.0,0.0,1.0
507,0.0,0.6331360946745562,0.049374491080020726,0.0034051373158634985,0.011325782811459028,1.0,1.0,1.0
508,0.0,0.599009900990099,0.04944842268240759,0.005031933423650087,0.008612347590478034,0.0,1.0,1.0
509,7.142857142857142,0.6262886597938144,0.04895721139723881,0.0056790365220797025,0.006658180750024479,1.0,0.0,1.0
510,11.11111111111111,0.6902834008097166,0.052028491793124805,0.003282750077423351,0.009910188912976153,0.0,0.0,1.0
511,0.0,0.6784565916398714,0.0461649434960327,0.008054820870401538,0.0072132724212551095,1.0,1.0,1.0
512,25.0,0.5287009063444109,0.050421291962016855,0.006687174000267487,0.009629530560385182,0.0,0.0,1.0
513,0.0,0.6287625418060201,0.058823529411764705,0.00863238377111851,0.009742261684548033,0.0,1.0,0.0
514,0.0,0.5688775510204082,0.05101714772606241,0.004047289381190755,0.0067099797635530945,1.0,0.0,1.0
515,0.0,0.5314533622559653,0.055400864138262125,0.005472875660105617,0.01603456553048488,0.0,1.0,0.0
516,0.0,0.5703971119133574,0.05048556177246125,0.004116020322850344,0.008232040645700689,1.0,0.0,1.0
517,9.090909090909092,0.4881656804733728,0.060005321979776476,0.003459286854709952,0.01077700904736562,1.0,0.0,1.0
518,0.0,0.5794392523364486,0.05482588263646222,0.003614893360645861,0.00771177250271117,0.0,0.0,1.0
519,0.0,0.7103064066852368,0.05342777194823365,0.005246589716684155,0.011105281566981462,1.0,0.0,0.0
520,16.666666666666664,0.6109785202863962,0.05375472717450027,0.0035116153430578066,0.008373851971907077,0.0,0.0,1.0
521,7.142857142857142,0.5322128851540616,0.04995806876722176,0.003594105666706601,0.007308014855636756,1.0,0.0,1.0
522,7.142857142857142,0.5699745547073791,0.042242554019855945,0.003893322951138797,0.011582635779637921,1.0,0.0,1.0
523,0.0,0.578838174273859,0.05078318219291014,0.0028854080791426216,0.008656224237427864,1.0,1.0,1.0
524,0.0,0.7066246056782335,0.05204216073781291,0.003184014053579271,0.012077294685990338,1.0,1.0,0.0
525,0.0,0.5741758241758241,0.05366070436618153,0.004443950672147539,0.005443839573380735,1.0,1.0,1.0
526,0.0,0.6264591439688716,0.07286149895682877,0.012839030653185684,0.005617075910768737,0.0,1.0,1.0
527,0.0,0.6291208791208791,0.0595931620666603,0.0051571005634609875,0.008499665743481998,0.0,1.0,0.0
528,0.0,0.5508021390374331,0.05310833515961721,0.0067207246694426185,0.00642851924903207,0.0,0.0,0.0
529,0.0,0.6037735849056604,0.05517076665870552,0.0059708621925005975,0.007403869118700741,0.0,0.0,1.0
530,41.66666666666667,0.6223776223776224,0.05574972295626971,0.006052339953968118,0.007757224448043645,0.0,0.0,1.0
531,5.88235294117647,0.6129707112970711,0.05645496056454961,0.00448318804483188,0.009879618098796181,0.0,0.0,1.0
532,0.0,0.5845648604269293,0.05011777021722062,0.0041219576027218,0.008309343103899502,1.0,1.0,1.0
533,21.21212121212121,0.6410256410256411,0.06081539505335225,0.008141614753592796,0.007031394559921051,0.0,0.0,1.0
534,0.0,0.6503667481662592,0.048094460977248725,0.00671978496688106,0.009215705097436883,1.0,1.0,1.0
535,7.142857142857142,0.7052401746724891,0.05896613190730838,0.0072014260249554365,0.008128342245989306,1.0,0.0,1.0
536,0.0,0.6320346320346321,0.05619892715696596,0.006216473655186244,0.009876171855416855,0.0,0.0,1.0
537,21.428571428571427,0.6351575456053068,0.053826162287034365,0.005659832515160266,0.007450187698527289,1.0,0.0,1.0
538,0.0,0.669576059850374,0.055783321702721565,0.005931612002791347,0.012430216329378926,0.0,1.0,1.0
539,8.333333333333332,0.5621890547263682,0.06496736089524402,0.005595275101025801,0.007563983006942286,1.0,0.0,1.0
540,20.0,0.6045694200351494,0.05456684806589204,0.0033828504191792913,0.006103838799823504,0.0,0.0,1.0
541,0.0,0.5474452554744526,0.03633957654723127,0.00376628664495114,0.008754071661237785,0.0,1.0,0.0
542,0.0,0.6719242902208202,0.04930904522613065,0.004292294807370184,0.009997906197654942,1.0,1.0,1.0
543,0.0,0.553623188405797,0.059249737057379924,0.0065443496552530095,0.006894939815355849,0.0,1.0,1.0
544,0.0,0.4781297134238311,0.04788395183437786,0.0038729666924864447,0.009506372790648546,0.0,1.0,1.0
545,0.0,0.6220588235294118,0.05004774476211874,0.004044262202999495,0.01567151603662304,0.0,1.0,0.0
546,0.0,0.7603626943005182,0.044051335414498786,0.005318533934558909,0.012063051605195206,0.0,1.0,1.0
547,19.047619047619047,0.6467576791808873,0.05731971525843392,0.005632930981120396,0.0043949241720829466,1.0,0.0,1.0
548,8.333333333333332,0.6464646464646465,0.05488770850806076,0.004659398005777654,0.007455036809244245,1.0,0.0,1.0
549,0.0,0.6581956797966964,0.04939753679249478,0.006491485483082122,0.009159219243252857,1.0,0.0,1.0
550,0.0,0.6394984326018809,0.05659734060688715,0.005114217524718718,0.006137061029662462,0.0,0.0,1.0
551,12.5,0.6172248803827751,0.0579924803463598,0.006380312179560214,0.007861456078386692,0.0,0.0,1.0
552,0.0,0.7007299270072993,0.050340310774367535,0.0051367664055477075,0.008218826248876333,0.0,1.0,0.0
553,0.0,0.6919504643962848,0.059027777777777776,0.004499217527386541,0.013302034428794992,0.0,1.0,0.0
554,0.0,0.6918032786885245,0.04265711494627157,0.0039075219798111365,0.0053185715836318245,1.0,1.0,1.0
555,0.0,0.7255813953488373,0.05043391663109973,0.004979371176554275,0.011737089201877934,1.0,0.0,1.0
556,21.428571428571427,0.6754617414248021,0.04258943781942078,0.005021070563973819,0.004662422666547117,1.0,0.0,1.0
557,0.0,0.6923076923076923,0.04651851851851852,0.001925925925925926,0.00725925925925926,0.0,1.0,0.0
558,15.789473684210526,0.8150851581508516,0.043777185351480286,0.007436509050091203,0.007015574575557738,1.0,0.0,1.0
559,0.0,0.628498727735369,0.041113334546116063,0.005002728761142441,0.008186283427323995,1.0,1.0,1.0
560,0.0,0.5575539568345323,0.05383717537204552,0.003939305515027721,0.005836008170411439,0.0,1.0,1.0
561,0.0,0.6353982300884956,0.05880013258203513,0.004375207159429897,0.011070599933708982,1.0,1.0,1.0
562,0.0,0.5343137254901961,0.054183101515466056,0.0044633589370977785,0.011314095910317625,0.0,1.0,0.0
563,14.285714285714285,0.6382978723404256,0.06415191172696946,0.011290736463946625,0.006158583525789068,0.0,0.0,0.0
564,0.0,0.6013289036544851,0.0388814913448735,0.002929427430093209,0.005459387483355526,1.0,0.0,0.0
565,0.0,0.6052631578947368,0.05026094849103699,0.007374631268436578,0.005218969820739733,1.0,0.0,1.0
566,0.0,0.6235955056179775,0.05713660245183888,0.0032837127845884414,0.008756567425569177,0.0,1.0,0.0
567,0.0,0.6322067594433399,0.057447710570944034,0.003674392312040701,0.009468626342566422,1.0,1.0,1.0
568,0.0,0.6423017107309487,0.05394428236370917,0.004862422058234655,0.018248383959727704,1.0,1.0,1.0
569,0.0,0.6838709677419355,0.04875048058439062,0.00461361014994233,0.00853517877739331,1.0,1.0,1.0
570,7.142857142857142,0.5723140495867769,0.04424285827962123,0.003421659902920347,0.008434789528129228,0.0,0.0,1.0
571,5.405405405405405,0.5368731563421829,0.05414464354776331,0.0029650638133298956,0.0069614541704267115,1.0,0.0,1.0
572,0.0,0.6558345642540621,0.05067715159458279,0.009349060725207515,0.01668851026649192,0.0,1.0,0.0
573,13.333333333333334,0.696969696969697,0.056974872261496466,0.005389514943655071,0.009099181073703366,1.0,0.0,1.0
574,0.0,0.5898876404494382,0.05854650540511613,0.007064112169538692,0.010061008241464197,0.0,1.0,1.0
575,0.0,0.5393258426966292,0.06463014390305478,0.004291845493562232,0.00555415299166877,0.0,1.0,0.0
576,4.3478260869565215,0.6354344122657581,0.04594260428190278,0.0036441725776013537,0.007613717706774256,0.0,0.0,1.0
577,0.0,0.5974358974358974,0.07049683483598695,0.009879148283138309,0.007577210819106081,0.0,1.0,1.0
578,13.333333333333334,0.7822085889570553,0.0460936813428245,0.005184989893663766,0.008085068986729942,0.0,0.0,1.0
579,0.0,0.6832844574780058,0.0603448275862069,0.009901477832512315,0.013300492610837438,0.0,1.0,0.0
580,0.0,0.6764705882352942,0.059115823984427024,0.0058398647610265865,0.01992725782490651,0.0,1.0,0.0
581,0.0,0.6459016393442623,0.06407478486968365,0.005881260446975794,0.015415093171547082,0.0,1.0,0.0
582,0.0,0.5768115942028985,0.05973962769193333,0.0032850711765421586,0.01228859958632437,1.0,1.0,0.0
583,13.333333333333334,0.7583547557840618,0.05329352491136406,0.0033215152080612056,0.008359768613547303,0.0,0.0,1.0
584,15.384615384615385,0.656140350877193,0.054268696227663796,0.006750496360026472,0.0066181336863004635,0.0,0.0,1.0
585,30.0,0.4652567975830816,0.0541864822020464,0.002449920737858481,0.013258394581351779,0.0,0.0,1.0
586,0.0,0.6558891454965358,0.05104733630216065,0.006762328880092363,0.007339600857661224,0.0,0.0,1.0
587,0.0,0.7490909090909091,0.057950386335908904,0.0075233834892232615,0.0077267181781211875,0.0,1.0,0.0
588,0.0,0.5587734241908007,0.05251624603294544,0.003929273084479371,0.005364969019192988,1.0,0.0,1.0
589,0.0,0.7914285714285715,0.05150413734436625,0.003866676977805274,0.007733353955610548,0.0,1.0,0.0
590,18.75,0.5784671532846716,0.05049587402528579,0.0056022408963585435,0.00794912559618442,1.0,0.0,1.0
591,12.5,0.6621621621621622,0.04681121291844326,0.007529710605098431,0.00934409870271251,1.0,0.0,1.0
592,0.0,0.6640316205533597,0.05198647506339814,0.003733446041138349,0.012890955198647506,1.0,1.0,0.0
593,9.375,0.4835164835164835,0.053510832680762205,0.004959540589924301,0.008613938919342208,1.0,0.0,0.0
594,0.0,0.6936507936507936,0.05195609344216155,0.0054601745004221785,0.006642274134534196,1.0,1.0,1.0
595,5.263157894736842,0.5482546201232033,0.04291061014883802,0.00417790930455218,0.011315171033162156,0.0,0.0,1.0
596,0.0,0.6310344827586207,0.05827974276527331,0.005894962486602358,0.010986066452304395,1.0,0.0,1.0
597,0.0,0.7100456621004566,0.05490066225165563,0.005165562913907285,0.01119205298013245,0.0,1.0,1.0
598,0.0,0.6521008403361345,0.06322743000943692,0.006228373702422145,0.0058508965083359545,1.0,0.0,1.0
599,0.0,0.48355263157894735,0.04157010428736964,0.004200463499420626,0.008835457705677868,1.0,1.0,1.0
600,0.0,0.5924006908462867,0.03739545171770236,0.0022810534319485727,0.004492984032625977,0.0,1.0,1.0
601,11.39240506329114,0.6635367762128326,0.05701179554390563,0.005078636959370904,0.008409785932721712,0.0,0.0,0.0
602,0.0,0.4882943143812709,0.051515151515151514,0.0047138047138047135,0.006228956228956229,0.0,0.0,1.0
603,0.0,0.561624649859944,0.052124220734241514,0.005252828446086354,0.00963980604941122,0.0,1.0,1.0
604,23.076923076923077,0.6268656716417911,0.053355534641279956,0.004198943024686889,0.005864041120683414,0.0,0.0,1.0
605,0.0,0.5553772070626003,0.044641061733360146,0.00408874589449695,0.008981835243649039,0.0,0.0,0.0
606,0.0,0.6148796498905909,0.05288899941971317,0.004642294619912128,0.015170355632927133,0.0,1.0,1.0
607,0.0,0.5947368421052631,0.0493215593366358,0.005815205685978893,0.004846004738315744,0.0,0.0,1.0
608,18.75,0.662303664921466,0.04288240495137047,0.005305039787798408,0.009549071618037135,1.0,0.0,1.0
609,0.0,0.5071633237822349,0.05635051285298214,0.004178802076738002,0.008104343421552489,0.0,1.0,1.0
610,0.0,0.6888888888888889,0.04715778740759623,0.0034157532500637268,0.01361203160846291,0.0,1.0,1.0
611,0.0,0.6061381074168798,0.06892018779342723,0.005446009389671361,0.009859154929577466,0.0,1.0,0.0
612,0.0,0.7129798903107861,0.059075661572866194,0.004037768666915144,0.004783202882345633,1.0,0.0,1.0
613,7.142857142857142,0.5298013245033113,0.05161929005798331,0.004949794937066893,0.011596662423985292,0.0,0.0,1.0
614,0.0,0.6743421052631579,0.05516767769257182,0.0016023806798672313,0.006638434245164244,0.0,1.0,1.0
615,0.0,0.6213151927437641,0.05009587727708533,0.004234579737935442,0.008948545861297539,0.0,1.0,1.0
616,20.0,0.624,0.04528450482378421,0.005217562512305572,0.009549123843276235,1.0,0.0,1.0
617,0.0,0.6068515497553018,0.04936854190585534,0.0044010715652506695,0.010460517923204491,1.0,1.0,0.0
618,6.666666666666667,0.6729857819905213,0.051091098025632144,0.00891929338413578,0.008226532732940769,1.0,0.0,1.0
619,0.0,0.6918367346938775,0.05325844217364824,0.0020978547743114298,0.008391419097245719,0.0,0.0,1.0
620,0.0,0.5705521472392638,0.04395946999220577,0.002260327357755261,0.006001558846453624,0.0,1.0,1.0
621,0.0,0.6287051482059283,0.05492874109263658,0.0081353919239905,0.01342042755344418,0.0,1.0,0.0
622,10.0,0.7262773722627737,0.04386259371153631,0.005426877028085487,0.009175338480474433,1.0,0.0,1.0
623,0.0,0.7145833333333333,0.04627081824764663,0.009051412020275163,0.007458363504706734,1.0,1.0,0.0
624,6.976744186046512,0.6146095717884131,0.03635699278341098,0.0023750799305745866,0.00675984287932767,0.0,0.0,1.0
625,13.333333333333334,0.7687366167023555,0.03871876099964801,0.005139035550862372,0.004505455825413587,1.0,0.0,1.0
626,0.0,0.6630824372759857,0.055517865219357754,0.005427408412483039,0.007914970601537766,0.0,0.0,1.0
627,0.0,0.6638297872340425,0.04762547220723152,0.004452239611440907,0.010388559093362115,0.0,1.0,1.0
628,0.0,0.7001477104874446,0.05108544114718184,0.00657239593706433,0.007966540529774946,1.0,1.0,1.0
629,0.0,0.7555555555555555,0.04484600672690101,0.003693200553980083,0.00936490140473521,1.0,1.0,0.0
630,6.0606060606060606,0.6597222222222222,0.06281792490916431,0.004360113039967703,0.006540169559951554,1.0,0.0,0.0
631,0.0,0.4691075514874142,0.0454594888526373,0.005981511691136488,0.013811854268624251,1.0,1.0,0.0
632,13.333333333333334,0.574235807860262,0.05623603039785427,0.004202056325435852,0.00929816718819848,1.0,0.0,1.0
633,0.0,0.6931659693165969,0.051903284581671344,0.0044812133746983795,0.009799576500714039,0.0,1.0,0.0
634,12.0,0.6832971800433839,0.05340236686390532,0.004215976331360947,0.005177514792899409,0.0,0.0,1.0
635,3.8461538461538463,0.5527522935779816,0.05632730732635585,0.0035204567078972408,0.007897240723120837,1.0,0.0,0.0
636,0.0,0.6479750778816199,0.04664938911514254,0.0020979883993582625,0.007528076021226706,0.0,0.0,1.0
637,0.0,0.4897959183673469,0.05063554907272348,0.006980620962700562,0.011669097728693479,1.0,1.0,0.0
638,3.3333333333333335,0.5240641711229946,0.047085741811175336,0.009152215799614644,0.01168111753371869,1.0,0.0,0.0
639,0.0,0.7027863777089783,0.04776183336902977,0.003533947312058257,0.010708931248661383,0.0,1.0,0.0
640,0.0,0.7219321148825065,0.05415316390926147,0.004988913525498891,0.015819546307351186,0.0,1.0,0.0
641,6.25,0.5592233009708738,0.04944714727996462,0.004157452454666077,0.00734188412206988,1.0,0.0,1.0
642,6.25,0.4747826086956522,0.04692129073584755,0.007926975738650012,0.007286412042597485,0.0,0.0,1.0
643,0.0,0.6273764258555133,0.058646616541353384,0.00481203007518797,0.009924812030075189,0.0,0.0,1.0
644,0.0,0.6524390243902439,0.05167903852951573,0.004878048780487805,0.010745846588900671,1.0,1.0,0.0
645,8.571428571428571,0.5129740518962076,0.05522009276275488,0.005863306204603133,0.009976371751115778,1.0,0.0,0.0
646,0.0,0.5952380952380952,0.06314963718376153,0.003530103941949402,0.00862914296920965,0.0,1.0,1.0
647,0.0,0.5272727272727272,0.05413945649884137,0.0033705498209395408,0.014114177375184327,0.0,1.0,1.0
648,13.333333333333334,0.6385964912280702,0.05042124074546847,0.0020423793719683433,0.005871840694408987,0.0,0.0,1.0
649,0.0,0.5897920604914934,0.056764928193499625,0.008616780045351474,0.01345427059712774,0.0,1.0,1.0
650,0.0,0.5309090909090909,0.0545704677468664,0.006267196575970651,0.010241516355854479,0.0,1.0,1.0
651,11.428571428571429,0.5866425992779783,0.06135817745105175,0.004731057573331392,0.010117184656816363,0.0,0.0,0.0
652,53.84615384615385,0.6748166259168704,0.05289615846338536,0.006677671068427371,0.006527611044417767,0.0,0.0,1.0
653,0.0,0.6656716417910448,0.04246604871739599,0.004095710282388446,0.006466910972192283,0.0,0.0,1.0
654,0.0,0.5645161290322581,0.04770731707317073,0.005560975609756097,0.008195121951219513,1.0,1.0,1.0
655,20.0,0.6126629422718808,0.05060259001422262,0.006512463507747586,0.007934725653117747,0.0,0.0,1.0
656,0.0,0.6471774193548387,0.05677045619116582,0.005068790731354091,0.009123823316437364,0.0,1.0,1.0
657,0.0,0.6477611940298508,0.04797617734642109,0.004191022388882762,0.009043785154957538,1.0,0.0,0.0
658,18.75,0.7109375,0.04317764921687597,0.006772964583039368,0.005361930294906166,1.0,0.0,0.0
659,6.666666666666667,0.6707021791767555,0.05454545454545454,0.008061749571183533,0.008833619210977701,1.0,0.0,0.0
